RECORD_TYPE,SOURCE_ROWS,UNIQUE_CLIENTS,ACCOUNTS,REPEAT_CLIENTS,REPEAT_ACCOUNTS,REPEAT_CLIENT_SHARE,OBSERVATION_START,OBSERVATION_END,OBSERVED_HORIZON_MONTHS,EXPECTED_ACTIVE_MONTHS_TRUNCATED,EXPECTED_OPEN_MONTHS_TRUNCATED,CURRENT_ACTIVE_CLIENTS,CURRENT_MONTHLY_REVENUE_RUB,CURRENT_MONTHLY_SERVICE_COST_RUB,FIXED_COST_RUB_MONTH,CURRENT_MONTHLY_PROFIT_BEFORE_ACQUISITION_RUB,BANK_IS_CURRENTLY_PROFITABLE,LTV_BEFORE_CAC_ZERO_BALANCE_RUB,PAYBACK_MONTHS_ZERO_BALANCE,UNIT_MARGIN_AFTER_CAC_ZERO_BALANCE_RUB,REQUIRED_NEW_CLIENTS_MONTH_ZERO_BALANCE,TENURE_MONTH,ELIGIBLE_ACCOUNTS,OPEN_ACCOUNTS,ACTIVE_ACCOUNTS,SURVIVAL_RATE,ACTIVE_PROBABILITY,ACTIVE_RATE_AMONG_OPEN,IS_RELIABLE_SAMPLE,NET_CONTRIBUTION_ACTIVE_SERVICE_RUB,NET_CONTRIBUTION_ALL_OPEN_SERVICE_RUB,CUM_NET_CONTRIBUTION_ACTIVE_SERVICE_RUB,CUM_NET_CONTRIBUTION_ALL_OPEN_SERVICE_RUB,CUM_MARGIN_AFTER_CAC_ACTIVE_SERVICE_RUB,CUM_MARGIN_AFTER_CAC_ALL_OPEN_SERVICE_RUB,COST_BASIS,AVERAGE_BALANCE_RUB,EXPECTED_ACTIVE_MONTHS,EXPECTED_OPEN_MONTHS,FEE_REVENUE_LTV_RUB,BALANCE_REVENUE_LTV_RUB,SERVICE_COST_LTV_RUB,MARGIN_BEFORE_CAC_RUB,UNIT_MARGIN_AFTER_CAC_RUB,REQUIRED_NEW_CLIENTS_MONTH,IS_UNIT_ECONOMICS_POSITIVE,OPEN_MONTH,ACTIVE_RATE,MONTH,CLOSED_ACCOUNTS,NEW_ACCOUNTS
SUMMARY,252001.0,20000.0,20125.0,122.0,125.0,0.0061,2024-01-01,2026-05-01,29.0,14.734205454471107,22.749557649867832,100000.0,100000000.0,50000000.0,5000000.0,45000000.0,1.0,7367.102727235553,18.0,2367.102727235553,2113.0,,,,,,,,,,,,,,,,,,,,,,,,,,,,,,
TENURE,,,,,,,,,,,,,,,,,,,,,,0.0,20125.0,20125.0,11387.0,1.0,0.5658136645962732,0.5658136645962732,1.0,282.90683229813664,65.81366459627327,282.90683229813664,65.81366459627327,-4717.093167701863,-4934.186335403727,,,,,,,,,,,,,,,,
TENURE,,,,,,,,,,,,,,,,,,,,,,1.0,19556.0,19362.0,13445.0,0.9900797709142974,0.6875127838003682,0.6944014048135523,1.0,343.7563919001841,192.47289834321947,626.6632241983207,258.28656293949274,-4373.336775801679,-4741.713437060507,,,,,,,,,,,,,,,,
TENURE,,,,,,,,,,,,,,,,,,,,,,2.0,18857.0,18198.0,12731.0,0.9650527655512542,0.6751339025295646,0.6995823716891966,1.0,337.5669512647823,192.60751975393748,964.230175463103,450.8940826934302,-4035.769824536897,-4549.10591730657,,,,,,,,,,,,,,,,
TENURE,,,,,,,,,,,,,,,,,,,,,,3.0,18189.0,17096.0,11939.0,0.9399087360492605,0.6563857276375832,0.6983504913430042,1.0,328.1928638187916,186.43135961295292,1292.4230392818945,637.3254423063831,-3707.5769607181055,-4362.674557693617,,,,,,,,,,,,,,,,
TENURE,,,,,,,,,,,,,,,,,,,,,,4.0,17504.0,16092.0,11206.0,0.9193327239488117,0.6401965265082267,0.6963708675118071,1.0,320.09826325411336,180.53016453382088,1612.5213025360079,817.855606840204,-3387.478697463992,-4182.144393159796,,,,,,,,,,,,,,,,
TENURE,,,,,,,,,,,,,,,,,,,,,,5.0,16931.0,15284.0,10494.0,0.9027228161360817,0.6198098163132715,0.6866003663962313,1.0,309.9049081566357,168.44840824523055,1922.4262106926435,986.3040150854346,-3077.5737893073565,-4013.6959849145655,,,,,,,,,,,,,,,,
TENURE,,,,,,,,,,,,,,,,,,,,,,6.0,15998.0,14129.0,9531.0,0.8831728966120765,0.5957619702462807,0.6745700332649162,1.0,297.88098512314036,154.17552194024245,2220.307195815784,1140.479537025677,-2779.692804184216,-3859.520462974323,,,,,,,,,,,,,,,,
TENURE,,,,,,,,,,,,,,,,,,,,,,7.0,15139.0,13081.0,8865.0,0.864059713323205,0.5855736838628708,0.6777004816145554,1.0,292.7868419314354,153.5438272012683,2513.0940377472193,1294.0233642269454,-2486.9059622527807,-3705.9766357730546,,,,,,,,,,,,,,,,
TENURE,,,,,,,,,,,,,,,,,,,,,,8.0,14388.0,12259.0,8194.0,0.8520294690019461,0.5695023630803447,0.6684068847377437,1.0,284.75118154017235,143.4876285793717,2797.8452192873915,1437.510992806317,-2202.1547807126085,-3562.489007193683,,,,,,,,,,,,,,,,
TENURE,,,,,,,,,,,,,,,,,,,,,,9.0,13631.0,11461.0,7703.0,0.8408040495928398,0.5651089428508547,0.6721054009248757,1.0,282.5544714254273,144.7069180544347,3080.399690712819,1582.2179108607518,-1919.600309287181,-3417.7820891392485,,,,,,,,,,,,,,,,
TENURE,,,,,,,,,,,,,,,,,,,,,,10.0,13004.0,10748.0,7083.0,0.8265149184866195,0.5446785604429406,0.6590063267584667,1.0,272.3392802214703,131.4211011996308,3352.7389709342892,1713.6390120603826,-1647.2610290657108,-3286.360987939617,,,,,,,,,,,,,,,,
TENURE,,,,,,,,,,,,,,,,,,,,,,11.0,12272.0,10007.0,6629.0,0.8154335071707953,0.5401727509778357,0.6624362945937844,1.0,270.08637548891784,132.455997392438,3622.825346423207,1846.0950094528207,-1377.174653576793,-3153.9049905471793,,,,,,,,,,,,,,,,
TENURE,,,,,,,,,,,,,,,,,,,,,,12.0,11653.0,9310.0,6142.0,0.7989358963357075,0.5270745730713121,0.6597207303974221,1.0,263.53728653565605,127.60662490345834,3886.3626329588633,1973.701634356279,-1113.6373670411367,-3026.298365643721,,,,,,,,,,,,,,,,
TENURE,,,,,,,,,,,,,,,,,,,,,,13.0,11006.0,8639.0,5673.0,0.784935489732873,0.5154461202980193,0.656673226067832,1.0,257.72306014900965,122.97837543158283,4144.085693107873,2096.6800097878618,-855.9143068921267,-2903.3199902121382,,,,,,,,,,,,,,,,
TENURE,,,,,,,,,,,,,,,,,,,,,,14.0,10259.0,7925.0,5174.0,0.7724924456574714,0.5043376547421776,0.6528706624605678,1.0,252.1688273710888,118.09143191344191,4396.254520478962,2214.7714417013035,-603.7454795210379,-2785.2285582986965,,,,,,,,,,,,,,,,
TENURE,,,,,,,,,,,,,,,,,,,,,,15.0,9557.0,7275.0,4628.0,0.7612221408391755,0.4842523804541174,0.6361512027491409,1.0,242.1261902270587,103.64131003452962,4638.380710706021,2318.412751735833,-361.6192892939789,-2681.587248264167,,,,,,,,,,,,,,,,
TENURE,,,,,,,,,,,,,,,,,,,,,,16.0,8829.0,6617.0,4190.0,0.7494620002265262,0.4745724317589761,0.6332174701526372,1.0,237.28621587948805,99.84143164571299,4875.666926585509,2418.2541833815458,-124.33307341449108,-2581.7458166184542,,,,,,,,,,,,,,,,
TENURE,,,,,,,,,,,,,,,,,,,,,,17.0,8212.0,6058.0,3828.0,0.7377009254749147,0.4661471018022406,0.6318917134367779,1.0,233.0735509011203,97.29663906478328,5108.740477486629,2515.550822446329,108.74047748662906,-2484.449177553671,,,,,,,,,,,,,,,,
TENURE,,,,,,,,,,,,,,,,,,,,,,18.0,7300.0,5272.0,3377.0,0.7221917808219178,0.4626027397260274,0.6405538694992413,1.0,231.3013698630137,101.50684931506845,5340.041847349643,2617.0576717613976,340.0418473496429,-2382.9423282386024,,,,,,,,,,,,,,,,
TENURE,,,,,,,,,,,,,,,,,,,,,,19.0,6332.0,4479.0,2816.0,0.7073594440934934,0.44472520530638027,0.6287117660192008,1.0,222.36260265319012,91.04548325963356,5562.404450002833,2708.103155021031,562.4044500028331,-2291.896844978969,,,,,,,,,,,,,,,,
TENURE,,,,,,,,,,,,,,,,,,,,,,20.0,5620.0,3936.0,2451.0,0.700355871886121,0.43612099644128116,0.6227134146341463,1.0,218.06049822064057,85.94306049822063,5780.464948223474,2794.0462155192517,780.4649482234736,-2205.9537844807483,,,,,,,,,,,,,,,,
TENURE,,,,,,,,,,,,,,,,,,,,,,21.0,4996.0,3435.0,2125.0,0.6875500400320256,0.4253402722177742,0.61863173216885,1.0,212.6701361088871,81.56525220176144,5993.135084332361,2875.611467721013,993.1350843323607,-2124.388532278987,,,,,,,,,,,,,,,,
TENURE,,,,,,,,,,,,,,,,,,,,,,22.0,4333.0,2935.0,1793.0,0.6773597969074544,0.41380106162012464,0.6109028960817717,1.0,206.90053081006232,75.12116316639742,6200.035615142423,2950.7326308874103,1200.035615142423,-2049.2673691125897,,,,,,,,,,,,,,,,
TENURE,,,,,,,,,,,,,,,,,,,,,,23.0,3689.0,2447.0,1484.0,0.6633233938736786,0.40227703984819735,0.6064568859828361,1.0,201.1385199240987,70.61534291135808,6401.174135066522,3021.347973798768,1401.1741350665216,-1978.6520262012318,,,,,,,,,,,,,,,,
TENURE,,,,,,,,,,,,,,,,,,,,,,24.0,3096.0,2020.0,1200.0,0.6524547803617571,0.3875968992248062,0.594059405940594,1.0,193.79844961240312,61.36950904392768,6594.972584678924,3082.717482842696,1594.9725846789242,-1917.282517157304,,,,,,,,,,,,,,,,
TENURE,,,,,,,,,,,,,,,,,,,,,,25.0,2516.0,1589.0,953.0,0.6315580286168522,0.3787758346581876,0.5997482693517936,1.0,189.3879173290938,62.99682034976149,6784.360502008018,3145.7143031924575,1784.3605020080176,-1854.2856968075425,,,,,,,,,,,,,,,,
TENURE,,,,,,,,,,,,,,,,,,,,,,26.0,1851.0,1161.0,711.0,0.6272285251215559,0.3841166936790924,0.6124031007751938,1.0,192.0583468395462,70.50243111831446,6976.418848847564,3216.216734310772,1976.4188488475638,-1783.7832656892278,,,,,,,,,,,,,,,,
TENURE,,,,,,,,,,,,,,,,,,,,,,27.0,1173.0,729.0,433.0,0.6214833759590793,0.3691389599317988,0.5939643347050755,1.0,184.5694799658994,58.39727195225913,7160.988328813463,3274.614006263031,2160.9883288134633,-1725.3859937369689,,,,,,,,,,,,,,,,
TENURE,,,,,,,,,,,,,,,,,,,,,,28.0,507.0,332.0,209.0,0.6548323471400395,0.41222879684418146,0.6295180722891566,1.0,206.11439842209072,84.8126232741617,7367.102727235554,3359.4266295371926,2367.102727235554,-1640.5733704628074,,,,,,,,,,,,,,,,
SCENARIO,,,,,,,,,,,,,,,,,,,,,,,,,,,,,,,,,,,,Только активные месяцы,0.0,14.734205454471107,22.749557649867832,14734.205454471106,0.0,7367.102727235553,7367.102727235553,2367.102727235553,2113.0,1.0,,,,,
SCENARIO,,,,,,,,,,,,,,,,,,,,,,,,,,,,,,,,,,,,Только активные месяцы,25000.0,14.734205454471107,22.749557649867832,14734.205454471106,3069.6261363481476,7367.102727235553,10436.7288635837,5436.728863583699,920.0,1.0,,,,,
SCENARIO,,,,,,,,,,,,,,,,,,,,,,,,,,,,,,,,,,,,Только активные месяцы,50000.0,14.734205454471107,22.749557649867832,14734.205454471106,6139.252272696295,7367.102727235553,13506.35499993185,8506.35499993185,588.0,1.0,,,,,
SCENARIO,,,,,,,,,,,,,,,,,,,,,,,,,,,,,,,,,,,,Только активные месяцы,75000.0,14.734205454471107,22.749557649867832,14734.205454471106,9208.878409044444,7367.102727235553,16575.98113628,11575.98113628,432.0,1.0,,,,,
SCENARIO,,,,,,,,,,,,,,,,,,,,,,,,,,,,,,,,,,,,Только активные месяцы,100000.0,14.734205454471107,22.749557649867832,14734.205454471106,12278.50454539259,7367.102727235553,19645.607272628145,14645.607272628145,342.0,1.0,,,,,
SCENARIO,,,,,,,,,,,,,,,,,,,,,,,,,,,,,,,,,,,,Только активные месяцы,125000.0,14.734205454471107,22.749557649867832,14734.205454471106,15348.130681740739,7367.102727235553,22715.23340897629,17715.23340897629,283.0,1.0,,,,,
SCENARIO,,,,,,,,,,,,,,,,,,,,,,,,,,,,,,,,,,,,Только активные месяцы,150000.0,14.734205454471107,22.749557649867832,14734.205454471106,18417.75681808889,7367.102727235553,25784.859545324438,20784.859545324438,241.0,1.0,,,,,
SCENARIO,,,,,,,,,,,,,,,,,,,,,,,,,,,,,,,,,,,,Только активные месяцы,175000.0,14.734205454471107,22.749557649867832,14734.205454471106,21487.38295443703,7367.102727235553,28854.485681672584,23854.485681672584,210.0,1.0,,,,,
SCENARIO,,,,,,,,,,,,,,,,,,,,,,,,,,,,,,,,,,,,Только активные месяцы,200000.0,14.734205454471107,22.749557649867832,14734.205454471106,24557.00909078518,7367.102727235553,31924.11181802073,26924.11181802073,186.0,1.0,,,,,
SCENARIO,,,,,,,,,,,,,,,,,,,,,,,,,,,,,,,,,,,,Только активные месяцы,225000.0,14.734205454471107,22.749557649867832,14734.205454471106,27626.635227133327,7367.102727235553,34993.73795436887,29993.737954368873,167.0,1.0,,,,,
SCENARIO,,,,,,,,,,,,,,,,,,,,,,,,,,,,,,,,,,,,Только активные месяцы,250000.0,14.734205454471107,22.749557649867832,14734.205454471106,30696.261363481477,7367.102727235553,38063.364090717034,33063.364090717034,152.0,1.0,,,,,
SCENARIO,,,,,,,,,,,,,,,,,,,,,,,,,,,,,,,,,,,,Только активные месяцы,275000.0,14.734205454471107,22.749557649867832,14734.205454471106,33765.88749982962,7367.102727235553,41132.99022706518,36132.99022706518,139.0,1.0,,,,,
SCENARIO,,,,,,,,,,,,,,,,,,,,,,,,,,,,,,,,,,,,Только активные месяцы,300000.0,14.734205454471107,22.749557649867832,14734.205454471106,36835.51363617778,7367.102727235553,44202.616363413326,39202.616363413326,128.0,1.0,,,,,
SCENARIO,,,,,,,,,,,,,,,,,,,,,,,,,,,,,,,,,,,,Только активные месяцы,325000.0,14.734205454471107,22.749557649867832,14734.205454471106,39905.13977252592,7367.102727235553,47272.24249976147,42272.24249976147,119.0,1.0,,,,,
SCENARIO,,,,,,,,,,,,,,,,,,,,,,,,,,,,,,,,,,,,Только активные месяцы,350000.0,14.734205454471107,22.749557649867832,14734.205454471106,42974.76590887406,7367.102727235553,50341.86863610962,45341.86863610962,111.0,1.0,,,,,
SCENARIO,,,,,,,,,,,,,,,,,,,,,,,,,,,,,,,,,,,,Только активные месяцы,375000.0,14.734205454471107,22.749557649867832,14734.205454471106,46044.392045222216,7367.102727235553,53411.494772457765,48411.494772457765,104.0,1.0,,,,,
SCENARIO,,,,,,,,,,,,,,,,,,,,,,,,,,,,,,,,,,,,Только активные месяцы,400000.0,14.734205454471107,22.749557649867832,14734.205454471106,49114.01818157036,7367.102727235553,56481.12090880591,51481.12090880591,98.0,1.0,,,,,
SCENARIO,,,,,,,,,,,,,,,,,,,,,,,,,,,,,,,,,,,,Только активные месяцы,425000.0,14.734205454471107,22.749557649867832,14734.205454471106,52183.64431791851,7367.102727235553,59550.74704515406,54550.74704515406,92.0,1.0,,,,,
SCENARIO,,,,,,,,,,,,,,,,,,,,,,,,,,,,,,,,,,,,Только активные месяцы,450000.0,14.734205454471107,22.749557649867832,14734.205454471106,55253.270454266654,7367.102727235553,62620.373181502204,57620.373181502204,87.0,1.0,,,,,
SCENARIO,,,,,,,,,,,,,,,,,,,,,,,,,,,,,,,,,,,,Только активные месяцы,475000.0,14.734205454471107,22.749557649867832,14734.205454471106,58322.89659061481,7367.102727235553,65689.99931785036,60689.999317850365,83.0,1.0,,,,,
SCENARIO,,,,,,,,,,,,,,,,,,,,,,,,,,,,,,,,,,,,Только активные месяцы,500000.0,14.734205454471107,22.749557649867832,14734.205454471106,61392.522726962954,7367.102727235553,68759.62545419851,63759.62545419851,79.0,1.0,,,,,
SCENARIO,,,,,,,,,,,,,,,,,,,,,,,,,,,,,,,,,,,,Только активные месяцы,525000.0,14.734205454471107,22.749557649867832,14734.205454471106,64462.1488633111,7367.102727235553,71829.25159054666,66829.25159054666,75.0,1.0,,,,,
SCENARIO,,,,,,,,,,,,,,,,,,,,,,,,,,,,,,,,,,,,Только активные месяцы,550000.0,14.734205454471107,22.749557649867832,14734.205454471106,67531.77499965925,7367.102727235553,74898.8777268948,69898.8777268948,72.0,1.0,,,,,
SCENARIO,,,,,,,,,,,,,,,,,,,,,,,,,,,,,,,,,,,,Только активные месяцы,575000.0,14.734205454471107,22.749557649867832,14734.205454471106,70601.4011360074,7367.102727235553,77968.50386324295,72968.50386324295,69.0,1.0,,,,,
SCENARIO,,,,,,,,,,,,,,,,,,,,,,,,,,,,,,,,,,,,Только активные месяцы,600000.0,14.734205454471107,22.749557649867832,14734.205454471106,73671.02727235555,7367.102727235553,81038.1299995911,76038.1299995911,66.0,1.0,,,,,
SCENARIO,,,,,,,,,,,,,,,,,,,,,,,,,,,,,,,,,,,,Только активные месяцы,625000.0,14.734205454471107,22.749557649867832,14734.205454471106,76740.6534087037,7367.102727235553,84107.75613593924,79107.75613593924,64.0,1.0,,,,,
SCENARIO,,,,,,,,,,,,,,,,,,,,,,,,,,,,,,,,,,,,Только активные месяцы,650000.0,14.734205454471107,22.749557649867832,14734.205454471106,79810.27954505185,7367.102727235553,87177.38227228739,82177.38227228739,61.0,1.0,,,,,
SCENARIO,,,,,,,,,,,,,,,,,,,,,,,,,,,,,,,,,,,,Только активные месяцы,675000.0,14.734205454471107,22.749557649867832,14734.205454471106,82879.90568139999,7367.102727235553,90247.00840863553,85247.00840863553,59.0,1.0,,,,,
SCENARIO,,,,,,,,,,,,,,,,,,,,,,,,,,,,,,,,,,,,Только активные месяцы,700000.0,14.734205454471107,22.749557649867832,14734.205454471106,85949.53181774812,7367.102727235553,93316.63454498368,88316.63454498368,57.0,1.0,,,,,
SCENARIO,,,,,,,,,,,,,,,,,,,,,,,,,,,,,,,,,,,,Только активные месяцы,725000.0,14.734205454471107,22.749557649867832,14734.205454471106,89019.15795409627,7367.102727235553,96386.26068133183,91386.26068133183,55.0,1.0,,,,,
SCENARIO,,,,,,,,,,,,,,,,,,,,,,,,,,,,,,,,,,,,Только активные месяцы,750000.0,14.734205454471107,22.749557649867832,14734.205454471106,92088.78409044443,7367.102727235553,99455.88681767997,94455.88681767997,53.0,1.0,,,,,
SCENARIO,,,,,,,,,,,,,,,,,,,,,,,,,,,,,,,,,,,,Только активные месяцы,775000.0,14.734205454471107,22.749557649867832,14734.205454471106,95158.41022679256,7367.102727235553,102525.51295402812,97525.51295402812,52.0,1.0,,,,,
SCENARIO,,,,,,,,,,,,,,,,,,,,,,,,,,,,,,,,,,,,Только активные месяцы,800000.0,14.734205454471107,22.749557649867832,14734.205454471106,98228.03636314072,7367.102727235553,105595.13909037627,100595.13909037627,50.0,1.0,,,,,
SCENARIO,,,,,,,,,,,,,,,,,,,,,,,,,,,,,,,,,,,,Только активные месяцы,825000.0,14.734205454471107,22.749557649867832,14734.205454471106,101297.66249948886,7367.102727235553,108664.76522672441,103664.76522672441,49.0,1.0,,,,,
SCENARIO,,,,,,,,,,,,,,,,,,,,,,,,,,,,,,,,,,,,Только активные месяцы,850000.0,14.734205454471107,22.749557649867832,14734.205454471106,104367.28863583702,7367.102727235553,111734.39136307256,106734.39136307256,47.0,1.0,,,,,
SCENARIO,,,,,,,,,,,,,,,,,,,,,,,,,,,,,,,,,,,,Только активные месяцы,875000.0,14.734205454471107,22.749557649867832,14734.205454471106,107436.91477218516,7367.102727235553,114804.0174994207,109804.0174994207,46.0,1.0,,,,,
SCENARIO,,,,,,,,,,,,,,,,,,,,,,,,,,,,,,,,,,,,Только активные месяцы,900000.0,14.734205454471107,22.749557649867832,14734.205454471106,110506.54090853331,7367.102727235553,117873.64363576885,112873.64363576885,45.0,1.0,,,,,
SCENARIO,,,,,,,,,,,,,,,,,,,,,,,,,,,,,,,,,,,,Только активные месяцы,925000.0,14.734205454471107,22.749557649867832,14734.205454471106,113576.16704488145,7367.102727235553,120943.269772117,115943.269772117,44.0,1.0,,,,,
SCENARIO,,,,,,,,,,,,,,,,,,,,,,,,,,,,,,,,,,,,Только активные месяцы,950000.0,14.734205454471107,22.749557649867832,14734.205454471106,116645.79318122962,7367.102727235553,124012.89590846517,119012.89590846517,43.0,1.0,,,,,
SCENARIO,,,,,,,,,,,,,,,,,,,,,,,,,,,,,,,,,,,,Только активные месяцы,975000.0,14.734205454471107,22.749557649867832,14734.205454471106,119715.41931757775,7367.102727235553,127082.52204481329,122082.52204481329,41.0,1.0,,,,,
SCENARIO,,,,,,,,,,,,,,,,,,,,,,,,,,,,,,,,,,,,Только активные месяцы,1000000.0,14.734205454471107,22.749557649867832,14734.205454471106,122785.04545392591,7367.102727235553,130152.14818116146,125152.14818116146,40.0,1.0,,,,,
SCENARIO,,,,,,,,,,,,,,,,,,,,,,,,,,,,,,,,,,,,Все открытые месяцы,0.0,14.734205454471107,22.749557649867832,14734.205454471106,0.0,11374.778824933916,3359.426629537191,-1640.5733704628092,,0.0,,,,,
SCENARIO,,,,,,,,,,,,,,,,,,,,,,,,,,,,,,,,,,,,Все открытые месяцы,25000.0,14.734205454471107,22.749557649867832,14734.205454471106,3069.6261363481476,11374.778824933916,6429.052765885337,1429.052765885337,3499.0,1.0,,,,,
SCENARIO,,,,,,,,,,,,,,,,,,,,,,,,,,,,,,,,,,,,Все открытые месяцы,50000.0,14.734205454471107,22.749557649867832,14734.205454471106,6139.252272696295,11374.778824933916,9498.678902233487,4498.678902233487,1112.0,1.0,,,,,
SCENARIO,,,,,,,,,,,,,,,,,,,,,,,,,,,,,,,,,,,,Все открытые месяцы,75000.0,14.734205454471107,22.749557649867832,14734.205454471106,9208.878409044444,11374.778824933916,12568.305038581637,7568.305038581637,661.0,1.0,,,,,
SCENARIO,,,,,,,,,,,,,,,,,,,,,,,,,,,,,,,,,,,,Все открытые месяцы,100000.0,14.734205454471107,22.749557649867832,14734.205454471106,12278.50454539259,11374.778824933916,15637.931174929783,10637.931174929783,471.0,1.0,,,,,
SCENARIO,,,,,,,,,,,,,,,,,,,,,,,,,,,,,,,,,,,,Все открытые месяцы,125000.0,14.734205454471107,22.749557649867832,14734.205454471106,15348.130681740739,11374.778824933916,18707.55731127793,13707.557311277931,365.0,1.0,,,,,
SCENARIO,,,,,,,,,,,,,,,,,,,,,,,,,,,,,,,,,,,,Все открытые месяцы,150000.0,14.734205454471107,22.749557649867832,14734.205454471106,18417.75681808889,11374.778824933916,21777.183447626077,16777.183447626077,299.0,1.0,,,,,
SCENARIO,,,,,,,,,,,,,,,,,,,,,,,,,,,,,,,,,,,,Все открытые месяцы,175000.0,14.734205454471107,22.749557649867832,14734.205454471106,21487.38295443703,11374.778824933916,24846.809583974224,19846.809583974224,252.0,1.0,,,,,
SCENARIO,,,,,,,,,,,,,,,,,,,,,,,,,,,,,,,,,,,,Все открытые месяцы,200000.0,14.734205454471107,22.749557649867832,14734.205454471106,24557.00909078518,11374.778824933916,27916.43572032237,22916.43572032237,219.0,1.0,,,,,
SCENARIO,,,,,,,,,,,,,,,,,,,,,,,,,,,,,,,,,,,,Все открытые месяцы,225000.0,14.734205454471107,22.749557649867832,14734.205454471106,27626.635227133327,11374.778824933916,30986.061856670516,25986.061856670516,193.0,1.0,,,,,
SCENARIO,,,,,,,,,,,,,,,,,,,,,,,,,,,,,,,,,,,,Все открытые месяцы,250000.0,14.734205454471107,22.749557649867832,14734.205454471106,30696.261363481477,11374.778824933916,34055.68799301867,29055.68799301867,173.0,1.0,,,,,
SCENARIO,,,,,,,,,,,,,,,,,,,,,,,,,,,,,,,,,,,,Все открытые месяцы,275000.0,14.734205454471107,22.749557649867832,14734.205454471106,33765.88749982962,11374.778824933916,37125.314129366816,32125.314129366816,156.0,1.0,,,,,
SCENARIO,,,,,,,,,,,,,,,,,,,,,,,,,,,,,,,,,,,,Все открытые месяцы,300000.0,14.734205454471107,22.749557649867832,14734.205454471106,36835.51363617778,11374.778824933916,40194.94026571497,35194.94026571497,143.0,1.0,,,,,
SCENARIO,,,,,,,,,,,,,,,,,,,,,,,,,,,,,,,,,,,,Все открытые месяцы,325000.0,14.734205454471107,22.749557649867832,14734.205454471106,39905.13977252592,11374.778824933916,43264.566402063116,38264.566402063116,131.0,1.0,,,,,
SCENARIO,,,,,,,,,,,,,,,,,,,,,,,,,,,,,,,,,,,,Все открытые месяцы,350000.0,14.734205454471107,22.749557649867832,14734.205454471106,42974.76590887406,11374.778824933916,46334.192538411255,41334.192538411255,121.0,1.0,,,,,
SCENARIO,,,,,,,,,,,,,,,,,,,,,,,,,,,,,,,,,,,,Все открытые месяцы,375000.0,14.734205454471107,22.749557649867832,14734.205454471106,46044.392045222216,11374.778824933916,49403.81867475941,44403.81867475941,113.0,1.0,,,,,
SCENARIO,,,,,,,,,,,,,,,,,,,,,,,,,,,,,,,,,,,,Все открытые месяцы,400000.0,14.734205454471107,22.749557649867832,14734.205454471106,49114.01818157036,11374.778824933916,52473.444811107554,47473.444811107554,106.0,1.0,,,,,
SCENARIO,,,,,,,,,,,,,,,,,,,,,,,,,,,,,,,,,,,,Все открытые месяцы,425000.0,14.734205454471107,22.749557649867832,14734.205454471106,52183.64431791851,11374.778824933916,55543.0709474557,50543.0709474557,99.0,1.0,,,,,
SCENARIO,,,,,,,,,,,,,,,,,,,,,,,,,,,,,,,,,,,,Все открытые месяцы,450000.0,14.734205454471107,22.749557649867832,14734.205454471106,55253.270454266654,11374.778824933916,58612.69708380385,53612.69708380385,94.0,1.0,,,,,
SCENARIO,,,,,,,,,,,,,,,,,,,,,,,,,,,,,,,,,,,,Все открытые месяцы,475000.0,14.734205454471107,22.749557649867832,14734.205454471106,58322.89659061481,11374.778824933916,61682.32322015201,56682.32322015201,89.0,1.0,,,,,
SCENARIO,,,,,,,,,,,,,,,,,,,,,,,,,,,,,,,,,,,,Все открытые месяцы,500000.0,14.734205454471107,22.749557649867832,14734.205454471106,61392.522726962954,11374.778824933916,64751.949356500154,59751.949356500154,84.0,1.0,,,,,
SCENARIO,,,,,,,,,,,,,,,,,,,,,,,,,,,,,,,,,,,,Все открытые месяцы,525000.0,14.734205454471107,22.749557649867832,14734.205454471106,64462.1488633111,11374.778824933916,67821.5754928483,62821.57549284829,80.0,1.0,,,,,
SCENARIO,,,,,,,,,,,,,,,,,,,,,,,,,,,,,,,,,,,,Все открытые месяцы,550000.0,14.734205454471107,22.749557649867832,14734.205454471106,67531.77499965925,11374.778824933916,70891.20162919644,65891.20162919644,76.0,1.0,,,,,
SCENARIO,,,,,,,,,,,,,,,,,,,,,,,,,,,,,,,,,,,,Все открытые месяцы,575000.0,14.734205454471107,22.749557649867832,14734.205454471106,70601.4011360074,11374.778824933916,73960.82776554459,68960.82776554459,73.0,1.0,,,,,
SCENARIO,,,,,,,,,,,,,,,,,,,,,,,,,,,,,,,,,,,,Все открытые месяцы,600000.0,14.734205454471107,22.749557649867832,14734.205454471106,73671.02727235555,11374.778824933916,77030.45390189273,72030.45390189273,70.0,1.0,,,,,
SCENARIO,,,,,,,,,,,,,,,,,,,,,,,,,,,,,,,,,,,,Все открытые месяцы,625000.0,14.734205454471107,22.749557649867832,14734.205454471106,76740.6534087037,11374.778824933916,80100.08003824088,75100.08003824088,67.0,1.0,,,,,
SCENARIO,,,,,,,,,,,,,,,,,,,,,,,,,,,,,,,,,,,,Все открытые месяцы,650000.0,14.734205454471107,22.749557649867832,14734.205454471106,79810.27954505185,11374.778824933916,83169.70617458902,78169.70617458902,64.0,1.0,,,,,
SCENARIO,,,,,,,,,,,,,,,,,,,,,,,,,,,,,,,,,,,,Все открытые месяцы,675000.0,14.734205454471107,22.749557649867832,14734.205454471106,82879.90568139999,11374.778824933916,86239.33231093717,81239.33231093717,62.0,1.0,,,,,
SCENARIO,,,,,,,,,,,,,,,,,,,,,,,,,,,,,,,,,,,,Все открытые месяцы,700000.0,14.734205454471107,22.749557649867832,14734.205454471106,85949.53181774812,11374.778824933916,89308.95844728532,84308.95844728532,60.0,1.0,,,,,
SCENARIO,,,,,,,,,,,,,,,,,,,,,,,,,,,,,,,,,,,,Все открытые месяцы,725000.0,14.734205454471107,22.749557649867832,14734.205454471106,89019.15795409627,11374.778824933916,92378.58458363346,87378.58458363346,58.0,1.0,,,,,
SCENARIO,,,,,,,,,,,,,,,,,,,,,,,,,,,,,,,,,,,,Все открытые месяцы,750000.0,14.734205454471107,22.749557649867832,14734.205454471106,92088.78409044443,11374.778824933916,95448.21071998161,90448.21071998161,56.0,1.0,,,,,
SCENARIO,,,,,,,,,,,,,,,,,,,,,,,,,,,,,,,,,,,,Все открытые месяцы,775000.0,14.734205454471107,22.749557649867832,14734.205454471106,95158.41022679256,11374.778824933916,98517.83685632976,93517.83685632976,54.0,1.0,,,,,
SCENARIO,,,,,,,,,,,,,,,,,,,,,,,,,,,,,,,,,,,,Все открытые месяцы,800000.0,14.734205454471107,22.749557649867832,14734.205454471106,98228.03636314072,11374.778824933916,101587.4629926779,96587.4629926779,52.0,1.0,,,,,
SCENARIO,,,,,,,,,,,,,,,,,,,,,,,,,,,,,,,,,,,,Все открытые месяцы,825000.0,14.734205454471107,22.749557649867832,14734.205454471106,101297.66249948886,11374.778824933916,104657.08912902605,99657.08912902605,51.0,1.0,,,,,
SCENARIO,,,,,,,,,,,,,,,,,,,,,,,,,,,,,,,,,,,,Все открытые месяцы,850000.0,14.734205454471107,22.749557649867832,14734.205454471106,104367.28863583702,11374.778824933916,107726.7152653742,102726.7152653742,49.0,1.0,,,,,
SCENARIO,,,,,,,,,,,,,,,,,,,,,,,,,,,,,,,,,,,,Все открытые месяцы,875000.0,14.734205454471107,22.749557649867832,14734.205454471106,107436.91477218516,11374.778824933916,110796.34140172234,105796.34140172234,48.0,1.0,,,,,
SCENARIO,,,,,,,,,,,,,,,,,,,,,,,,,,,,,,,,,,,,Все открытые месяцы,900000.0,14.734205454471107,22.749557649867832,14734.205454471106,110506.54090853331,11374.778824933916,113865.96753807049,108865.96753807049,46.0,1.0,,,,,
SCENARIO,,,,,,,,,,,,,,,,,,,,,,,,,,,,,,,,,,,,Все открытые месяцы,925000.0,14.734205454471107,22.749557649867832,14734.205454471106,113576.16704488145,11374.778824933916,116935.59367441863,111935.59367441863,45.0,1.0,,,,,
SCENARIO,,,,,,,,,,,,,,,,,,,,,,,,,,,,,,,,,,,,Все открытые месяцы,950000.0,14.734205454471107,22.749557649867832,14734.205454471106,116645.79318122962,11374.778824933916,120005.21981076681,115005.21981076681,44.0,1.0,,,,,
SCENARIO,,,,,,,,,,,,,,,,,,,,,,,,,,,,,,,,,,,,Все открытые месяцы,975000.0,14.734205454471107,22.749557649867832,14734.205454471106,119715.41931757775,11374.778824933916,123074.84594711493,118074.84594711493,43.0,1.0,,,,,
SCENARIO,,,,,,,,,,,,,,,,,,,,,,,,,,,,,,,,,,,,Все открытые месяцы,1000000.0,14.734205454471107,22.749557649867832,14734.205454471106,122785.04545392591,11374.778824933916,126144.4720834631,121144.4720834631,42.0,1.0,,,,,
COHORT,,,507.0,,,,,,,,,,,,,,,,,,,0.0,,,266.0,,,,,,,,,,,,,,,,,,,,,,2024-01-01,0.52465483234714,,,
COHORT,,,504.0,,,,,,,,,,,,,,,,,,,1.0,,,345.0,,,,,,,,,,,,,,,,,,,,,,2024-01-01,0.6845238095238095,,,
COHORT,,,495.0,,,,,,,,,,,,,,,,,,,2.0,,,349.0,,,,,,,,,,,,,,,,,,,,,,2024-01-01,0.705050505050505,,,
COHORT,,,475.0,,,,,,,,,,,,,,,,,,,3.0,,,329.0,,,,,,,,,,,,,,,,,,,,,,2024-01-01,0.6926315789473684,,,
COHORT,,,465.0,,,,,,,,,,,,,,,,,,,4.0,,,329.0,,,,,,,,,,,,,,,,,,,,,,2024-01-01,0.7075268817204301,,,
COHORT,,,459.0,,,,,,,,,,,,,,,,,,,5.0,,,315.0,,,,,,,,,,,,,,,,,,,,,,2024-01-01,0.6862745098039216,,,
COHORT,,,456.0,,,,,,,,,,,,,,,,,,,6.0,,,315.0,,,,,,,,,,,,,,,,,,,,,,2024-01-01,0.6907894736842105,,,
COHORT,,,453.0,,,,,,,,,,,,,,,,,,,7.0,,,317.0,,,,,,,,,,,,,,,,,,,,,,2024-01-01,0.6997792494481236,,,
COHORT,,,450.0,,,,,,,,,,,,,,,,,,,8.0,,,313.0,,,,,,,,,,,,,,,,,,,,,,2024-01-01,0.6955555555555556,,,
COHORT,,,445.0,,,,,,,,,,,,,,,,,,,9.0,,,311.0,,,,,,,,,,,,,,,,,,,,,,2024-01-01,0.698876404494382,,,
COHORT,,,441.0,,,,,,,,,,,,,,,,,,,10.0,,,289.0,,,,,,,,,,,,,,,,,,,,,,2024-01-01,0.655328798185941,,,
COHORT,,,439.0,,,,,,,,,,,,,,,,,,,11.0,,,297.0,,,,,,,,,,,,,,,,,,,,,,2024-01-01,0.6765375854214123,,,
COHORT,,,430.0,,,,,,,,,,,,,,,,,,,12.0,,,288.0,,,,,,,,,,,,,,,,,,,,,,2024-01-01,0.6697674418604651,,,
COHORT,,,420.0,,,,,,,,,,,,,,,,,,,13.0,,,290.0,,,,,,,,,,,,,,,,,,,,,,2024-01-01,0.6904761904761905,,,
COHORT,,,415.0,,,,,,,,,,,,,,,,,,,14.0,,,272.0,,,,,,,,,,,,,,,,,,,,,,2024-01-01,0.655421686746988,,,
COHORT,,,409.0,,,,,,,,,,,,,,,,,,,15.0,,,260.0,,,,,,,,,,,,,,,,,,,,,,2024-01-01,0.6356968215158925,,,
COHORT,,,405.0,,,,,,,,,,,,,,,,,,,16.0,,,238.0,,,,,,,,,,,,,,,,,,,,,,2024-01-01,0.5876543209876544,,,
COHORT,,,399.0,,,,,,,,,,,,,,,,,,,17.0,,,243.0,,,,,,,,,,,,,,,,,,,,,,2024-01-01,0.6090225563909775,,,
COHORT,,,395.0,,,,,,,,,,,,,,,,,,,18.0,,,249.0,,,,,,,,,,,,,,,,,,,,,,2024-01-01,0.6303797468354431,,,
COHORT,,,386.0,,,,,,,,,,,,,,,,,,,19.0,,,233.0,,,,,,,,,,,,,,,,,,,,,,2024-01-01,0.6036269430051814,,,
COHORT,,,380.0,,,,,,,,,,,,,,,,,,,20.0,,,227.0,,,,,,,,,,,,,,,,,,,,,,2024-01-01,0.5973684210526315,,,
COHORT,,,372.0,,,,,,,,,,,,,,,,,,,21.0,,,224.0,,,,,,,,,,,,,,,,,,,,,,2024-01-01,0.6021505376344086,,,
COHORT,,,367.0,,,,,,,,,,,,,,,,,,,22.0,,,227.0,,,,,,,,,,,,,,,,,,,,,,2024-01-01,0.6185286103542235,,,
COHORT,,,360.0,,,,,,,,,,,,,,,,,,,23.0,,,229.0,,,,,,,,,,,,,,,,,,,,,,2024-01-01,0.6361111111111111,,,
COHORT,,,353.0,,,,,,,,,,,,,,,,,,,24.0,,,212.0,,,,,,,,,,,,,,,,,,,,,,2024-01-01,0.6005665722379604,,,
COHORT,,,342.0,,,,,,,,,,,,,,,,,,,25.0,,,213.0,,,,,,,,,,,,,,,,,,,,,,2024-01-01,0.6228070175438597,,,
COHORT,,,339.0,,,,,,,,,,,,,,,,,,,26.0,,,225.0,,,,,,,,,,,,,,,,,,,,,,2024-01-01,0.6637168141592921,,,
COHORT,,,334.0,,,,,,,,,,,,,,,,,,,27.0,,,206.0,,,,,,,,,,,,,,,,,,,,,,2024-01-01,0.6167664670658682,,,
COHORT,,,332.0,,,,,,,,,,,,,,,,,,,28.0,,,209.0,,,,,,,,,,,,,,,,,,,,,,2024-01-01,0.6295180722891566,,,
COHORT,,,666.0,,,,,,,,,,,,,,,,,,,0.0,,,379.0,,,,,,,,,,,,,,,,,,,,,,2024-02-01,0.5690690690690691,,,
COHORT,,,662.0,,,,,,,,,,,,,,,,,,,1.0,,,470.0,,,,,,,,,,,,,,,,,,,,,,2024-02-01,0.7099697885196374,,,
COHORT,,,632.0,,,,,,,,,,,,,,,,,,,2.0,,,443.0,,,,,,,,,,,,,,,,,,,,,,2024-02-01,0.7009493670886076,,,
COHORT,,,614.0,,,,,,,,,,,,,,,,,,,3.0,,,422.0,,,,,,,,,,,,,,,,,,,,,,2024-02-01,0.6872964169381107,,,
COHORT,,,592.0,,,,,,,,,,,,,,,,,,,4.0,,,416.0,,,,,,,,,,,,,,,,,,,,,,2024-02-01,0.7027027027027027,,,
COHORT,,,587.0,,,,,,,,,,,,,,,,,,,5.0,,,415.0,,,,,,,,,,,,,,,,,,,,,,2024-02-01,0.706984667802385,,,
COHORT,,,576.0,,,,,,,,,,,,,,,,,,,6.0,,,372.0,,,,,,,,,,,,,,,,,,,,,,2024-02-01,0.6458333333333334,,,
COHORT,,,569.0,,,,,,,,,,,,,,,,,,,7.0,,,382.0,,,,,,,,,,,,,,,,,,,,,,2024-02-01,0.671353251318102,,,
COHORT,,,559.0,,,,,,,,,,,,,,,,,,,8.0,,,378.0,,,,,,,,,,,,,,,,,,,,,,2024-02-01,0.6762075134168157,,,
COHORT,,,553.0,,,,,,,,,,,,,,,,,,,9.0,,,373.0,,,,,,,,,,,,,,,,,,,,,,2024-02-01,0.674502712477396,,,
COHORT,,,545.0,,,,,,,,,,,,,,,,,,,10.0,,,359.0,,,,,,,,,,,,,,,,,,,,,,2024-02-01,0.6587155963302752,,,
COHORT,,,531.0,,,,,,,,,,,,,,,,,,,11.0,,,338.0,,,,,,,,,,,,,,,,,,,,,,2024-02-01,0.6365348399246704,,,
COHORT,,,517.0,,,,,,,,,,,,,,,,,,,12.0,,,330.0,,,,,,,,,,,,,,,,,,,,,,2024-02-01,0.6382978723404256,,,
COHORT,,,508.0,,,,,,,,,,,,,,,,,,,13.0,,,326.0,,,,,,,,,,,,,,,,,,,,,,2024-02-01,0.6417322834645669,,,
COHORT,,,498.0,,,,,,,,,,,,,,,,,,,14.0,,,312.0,,,,,,,,,,,,,,,,,,,,,,2024-02-01,0.6265060240963856,,,
COHORT,,,484.0,,,,,,,,,,,,,,,,,,,15.0,,,292.0,,,,,,,,,,,,,,,,,,,,,,2024-02-01,0.6033057851239669,,,
COHORT,,,474.0,,,,,,,,,,,,,,,,,,,16.0,,,292.0,,,,,,,,,,,,,,,,,,,,,,2024-02-01,0.6160337552742616,,,
COHORT,,,466.0,,,,,,,,,,,,,,,,,,,17.0,,,294.0,,,,,,,,,,,,,,,,,,,,,,2024-02-01,0.630901287553648,,,
COHORT,,,457.0,,,,,,,,,,,,,,,,,,,18.0,,,271.0,,,,,,,,,,,,,,,,,,,,,,2024-02-01,0.5929978118161926,,,
COHORT,,,450.0,,,,,,,,,,,,,,,,,,,19.0,,,273.0,,,,,,,,,,,,,,,,,,,,,,2024-02-01,0.6066666666666667,,,
COHORT,,,444.0,,,,,,,,,,,,,,,,,,,20.0,,,261.0,,,,,,,,,,,,,,,,,,,,,,2024-02-01,0.5878378378378378,,,
COHORT,,,439.0,,,,,,,,,,,,,,,,,,,21.0,,,260.0,,,,,,,,,,,,,,,,,,,,,,2024-02-01,0.592255125284738,,,
COHORT,,,430.0,,,,,,,,,,,,,,,,,,,22.0,,,266.0,,,,,,,,,,,,,,,,,,,,,,2024-02-01,0.6186046511627907,,,
COHORT,,,424.0,,,,,,,,,,,,,,,,,,,23.0,,,242.0,,,,,,,,,,,,,,,,,,,,,,2024-02-01,0.5707547169811321,,,
COHORT,,,418.0,,,,,,,,,,,,,,,,,,,24.0,,,239.0,,,,,,,,,,,,,,,,,,,,,,2024-02-01,0.5717703349282297,,,
COHORT,,,411.0,,,,,,,,,,,,,,,,,,,25.0,,,241.0,,,,,,,,,,,,,,,,,,,,,,2024-02-01,0.5863746958637469,,,
COHORT,,,403.0,,,,,,,,,,,,,,,,,,,26.0,,,240.0,,,,,,,,,,,,,,,,,,,,,,2024-02-01,0.5955334987593052,,,
COHORT,,,395.0,,,,,,,,,,,,,,,,,,,27.0,,,227.0,,,,,,,,,,,,,,,,,,,,,,2024-02-01,0.5746835443037974,,,
COHORT,,,678.0,,,,,,,,,,,,,,,,,,,0.0,,,401.0,,,,,,,,,,,,,,,,,,,,,,2024-03-01,0.5914454277286135,,,
COHORT,,,669.0,,,,,,,,,,,,,,,,,,,1.0,,,445.0,,,,,,,,,,,,,,,,,,,,,,2024-03-01,0.6651718983557549,,,
COHORT,,,651.0,,,,,,,,,,,,,,,,,,,2.0,,,448.0,,,,,,,,,,,,,,,,,,,,,,2024-03-01,0.6881720430107527,,,
COHORT,,,636.0,,,,,,,,,,,,,,,,,,,3.0,,,431.0,,,,,,,,,,,,,,,,,,,,,,2024-03-01,0.6776729559748428,,,
COHORT,,,616.0,,,,,,,,,,,,,,,,,,,4.0,,,421.0,,,,,,,,,,,,,,,,,,,,,,2024-03-01,0.6834415584415584,,,
COHORT,,,609.0,,,,,,,,,,,,,,,,,,,5.0,,,414.0,,,,,,,,,,,,,,,,,,,,,,2024-03-01,0.6798029556650246,,,
COHORT,,,599.0,,,,,,,,,,,,,,,,,,,6.0,,,398.0,,,,,,,,,,,,,,,,,,,,,,2024-03-01,0.664440734557596,,,
COHORT,,,589.0,,,,,,,,,,,,,,,,,,,7.0,,,397.0,,,,,,,,,,,,,,,,,,,,,,2024-03-01,0.6740237691001698,,,
COHORT,,,582.0,,,,,,,,,,,,,,,,,,,8.0,,,377.0,,,,,,,,,,,,,,,,,,,,,,2024-03-01,0.647766323024055,,,
COHORT,,,579.0,,,,,,,,,,,,,,,,,,,9.0,,,387.0,,,,,,,,,,,,,,,,,,,,,,2024-03-01,0.6683937823834197,,,
COHORT,,,561.0,,,,,,,,,,,,,,,,,,,10.0,,,349.0,,,,,,,,,,,,,,,,,,,,,,2024-03-01,0.6221033868092691,,,
COHORT,,,554.0,,,,,,,,,,,,,,,,,,,11.0,,,354.0,,,,,,,,,,,,,,,,,,,,,,2024-03-01,0.6389891696750902,,,
COHORT,,,543.0,,,,,,,,,,,,,,,,,,,12.0,,,344.0,,,,,,,,,,,,,,,,,,,,,,2024-03-01,0.6335174953959485,,,
COHORT,,,528.0,,,,,,,,,,,,,,,,,,,13.0,,,332.0,,,,,,,,,,,,,,,,,,,,,,2024-03-01,0.6287878787878788,,,
COHORT,,,513.0,,,,,,,,,,,,,,,,,,,14.0,,,329.0,,,,,,,,,,,,,,,,,,,,,,2024-03-01,0.6413255360623782,,,
COHORT,,,506.0,,,,,,,,,,,,,,,,,,,15.0,,,304.0,,,,,,,,,,,,,,,,,,,,,,2024-03-01,0.6007905138339921,,,
COHORT,,,500.0,,,,,,,,,,,,,,,,,,,16.0,,,312.0,,,,,,,,,,,,,,,,,,,,,,2024-03-01,0.624,,,
COHORT,,,493.0,,,,,,,,,,,,,,,,,,,17.0,,,297.0,,,,,,,,,,,,,,,,,,,,,,2024-03-01,0.6024340770791075,,,
COHORT,,,486.0,,,,,,,,,,,,,,,,,,,18.0,,,299.0,,,,,,,,,,,,,,,,,,,,,,2024-03-01,0.6152263374485597,,,
COHORT,,,477.0,,,,,,,,,,,,,,,,,,,19.0,,,298.0,,,,,,,,,,,,,,,,,,,,,,2024-03-01,0.6247379454926625,,,
COHORT,,,472.0,,,,,,,,,,,,,,,,,,,20.0,,,277.0,,,,,,,,,,,,,,,,,,,,,,2024-03-01,0.586864406779661,,,
COHORT,,,463.0,,,,,,,,,,,,,,,,,,,21.0,,,279.0,,,,,,,,,,,,,,,,,,,,,,2024-03-01,0.6025917926565875,,,
COHORT,,,455.0,,,,,,,,,,,,,,,,,,,22.0,,,275.0,,,,,,,,,,,,,,,,,,,,,,2024-03-01,0.6043956043956044,,,
COHORT,,,450.0,,,,,,,,,,,,,,,,,,,23.0,,,263.0,,,,,,,,,,,,,,,,,,,,,,2024-03-01,0.5844444444444444,,,
COHORT,,,442.0,,,,,,,,,,,,,,,,,,,24.0,,,261.0,,,,,,,,,,,,,,,,,,,,,,2024-03-01,0.5904977375565611,,,
COHORT,,,428.0,,,,,,,,,,,,,,,,,,,25.0,,,252.0,,,,,,,,,,,,,,,,,,,,,,2024-03-01,0.5887850467289719,,,
COHORT,,,419.0,,,,,,,,,,,,,,,,,,,26.0,,,246.0,,,,,,,,,,,,,,,,,,,,,,2024-03-01,0.5871121718377088,,,
COHORT,,,665.0,,,,,,,,,,,,,,,,,,,0.0,,,369.0,,,,,,,,,,,,,,,,,,,,,,2024-04-01,0.5548872180451128,,,
COHORT,,,658.0,,,,,,,,,,,,,,,,,,,1.0,,,459.0,,,,,,,,,,,,,,,,,,,,,,2024-04-01,0.6975683890577508,,,
COHORT,,,639.0,,,,,,,,,,,,,,,,,,,2.0,,,445.0,,,,,,,,,,,,,,,,,,,,,,2024-04-01,0.6964006259780907,,,
COHORT,,,622.0,,,,,,,,,,,,,,,,,,,3.0,,,432.0,,,,,,,,,,,,,,,,,,,,,,2024-04-01,0.6945337620578779,,,
COHORT,,,612.0,,,,,,,,,,,,,,,,,,,4.0,,,421.0,,,,,,,,,,,,,,,,,,,,,,2024-04-01,0.6879084967320261,,,
COHORT,,,602.0,,,,,,,,,,,,,,,,,,,5.0,,,413.0,,,,,,,,,,,,,,,,,,,,,,2024-04-01,0.686046511627907,,,
COHORT,,,590.0,,,,,,,,,,,,,,,,,,,6.0,,,403.0,,,,,,,,,,,,,,,,,,,,,,2024-04-01,0.6830508474576271,,,
COHORT,,,575.0,,,,,,,,,,,,,,,,,,,7.0,,,384.0,,,,,,,,,,,,,,,,,,,,,,2024-04-01,0.6678260869565218,,,
COHORT,,,561.0,,,,,,,,,,,,,,,,,,,8.0,,,374.0,,,,,,,,,,,,,,,,,,,,,,2024-04-01,0.6666666666666666,,,
COHORT,,,552.0,,,,,,,,,,,,,,,,,,,9.0,,,367.0,,,,,,,,,,,,,,,,,,,,,,2024-04-01,0.6648550724637681,,,
COHORT,,,539.0,,,,,,,,,,,,,,,,,,,10.0,,,363.0,,,,,,,,,,,,,,,,,,,,,,2024-04-01,0.673469387755102,,,
COHORT,,,532.0,,,,,,,,,,,,,,,,,,,11.0,,,348.0,,,,,,,,,,,,,,,,,,,,,,2024-04-01,0.6541353383458647,,,
COHORT,,,518.0,,,,,,,,,,,,,,,,,,,12.0,,,330.0,,,,,,,,,,,,,,,,,,,,,,2024-04-01,0.637065637065637,,,
COHORT,,,506.0,,,,,,,,,,,,,,,,,,,13.0,,,315.0,,,,,,,,,,,,,,,,,,,,,,2024-04-01,0.6225296442687747,,,
COHORT,,,501.0,,,,,,,,,,,,,,,,,,,14.0,,,327.0,,,,,,,,,,,,,,,,,,,,,,2024-04-01,0.6526946107784432,,,
COHORT,,,493.0,,,,,,,,,,,,,,,,,,,15.0,,,314.0,,,,,,,,,,,,,,,,,,,,,,2024-04-01,0.6369168356997972,,,
COHORT,,,492.0,,,,,,,,,,,,,,,,,,,16.0,,,298.0,,,,,,,,,,,,,,,,,,,,,,2024-04-01,0.6056910569105691,,,
COHORT,,,486.0,,,,,,,,,,,,,,,,,,,17.0,,,290.0,,,,,,,,,,,,,,,,,,,,,,2024-04-01,0.5967078189300411,,,
COHORT,,,476.0,,,,,,,,,,,,,,,,,,,18.0,,,290.0,,,,,,,,,,,,,,,,,,,,,,2024-04-01,0.6092436974789915,,,
COHORT,,,468.0,,,,,,,,,,,,,,,,,,,19.0,,,283.0,,,,,,,,,,,,,,,,,,,,,,2024-04-01,0.6047008547008547,,,
COHORT,,,463.0,,,,,,,,,,,,,,,,,,,20.0,,,285.0,,,,,,,,,,,,,,,,,,,,,,2024-04-01,0.6155507559395248,,,
COHORT,,,455.0,,,,,,,,,,,,,,,,,,,21.0,,,267.0,,,,,,,,,,,,,,,,,,,,,,2024-04-01,0.5868131868131868,,,
COHORT,,,442.0,,,,,,,,,,,,,,,,,,,22.0,,,247.0,,,,,,,,,,,,,,,,,,,,,,2024-04-01,0.5588235294117647,,,
COHORT,,,429.0,,,,,,,,,,,,,,,,,,,23.0,,,246.0,,,,,,,,,,,,,,,,,,,,,,2024-04-01,0.5734265734265734,,,
COHORT,,,418.0,,,,,,,,,,,,,,,,,,,24.0,,,252.0,,,,,,,,,,,,,,,,,,,,,,2024-04-01,0.6028708133971292,,,
COHORT,,,408.0,,,,,,,,,,,,,,,,,,,25.0,,,247.0,,,,,,,,,,,,,,,,,,,,,,2024-04-01,0.6053921568627451,,,
COHORT,,,580.0,,,,,,,,,,,,,,,,,,,0.0,,,323.0,,,,,,,,,,,,,,,,,,,,,,2024-05-01,0.5568965517241379,,,
COHORT,,,573.0,,,,,,,,,,,,,,,,,,,1.0,,,415.0,,,,,,,,,,,,,,,,,,,,,,2024-05-01,0.7242582897033158,,,
COHORT,,,553.0,,,,,,,,,,,,,,,,,,,2.0,,,385.0,,,,,,,,,,,,,,,,,,,,,,2024-05-01,0.6962025316455697,,,
COHORT,,,541.0,,,,,,,,,,,,,,,,,,,3.0,,,383.0,,,,,,,,,,,,,,,,,,,,,,2024-05-01,0.7079482439926063,,,
COHORT,,,529.0,,,,,,,,,,,,,,,,,,,4.0,,,388.0,,,,,,,,,,,,,,,,,,,,,,2024-05-01,0.7334593572778828,,,
COHORT,,,513.0,,,,,,,,,,,,,,,,,,,5.0,,,356.0,,,,,,,,,,,,,,,,,,,,,,2024-05-01,0.6939571150097466,,,
COHORT,,,502.0,,,,,,,,,,,,,,,,,,,6.0,,,351.0,,,,,,,,,,,,,,,,,,,,,,2024-05-01,0.6992031872509961,,,
COHORT,,,496.0,,,,,,,,,,,,,,,,,,,7.0,,,346.0,,,,,,,,,,,,,,,,,,,,,,2024-05-01,0.6975806451612904,,,
COHORT,,,488.0,,,,,,,,,,,,,,,,,,,8.0,,,332.0,,,,,,,,,,,,,,,,,,,,,,2024-05-01,0.680327868852459,,,
COHORT,,,482.0,,,,,,,,,,,,,,,,,,,9.0,,,323.0,,,,,,,,,,,,,,,,,,,,,,2024-05-01,0.6701244813278008,,,
COHORT,,,470.0,,,,,,,,,,,,,,,,,,,10.0,,,313.0,,,,,,,,,,,,,,,,,,,,,,2024-05-01,0.6659574468085107,,,
COHORT,,,463.0,,,,,,,,,,,,,,,,,,,11.0,,,308.0,,,,,,,,,,,,,,,,,,,,,,2024-05-01,0.6652267818574514,,,
COHORT,,,457.0,,,,,,,,,,,,,,,,,,,12.0,,,309.0,,,,,,,,,,,,,,,,,,,,,,2024-05-01,0.6761487964989059,,,
COHORT,,,449.0,,,,,,,,,,,,,,,,,,,13.0,,,300.0,,,,,,,,,,,,,,,,,,,,,,2024-05-01,0.6681514476614699,,,
COHORT,,,446.0,,,,,,,,,,,,,,,,,,,14.0,,,296.0,,,,,,,,,,,,,,,,,,,,,,2024-05-01,0.6636771300448431,,,
COHORT,,,443.0,,,,,,,,,,,,,,,,,,,15.0,,,280.0,,,,,,,,,,,,,,,,,,,,,,2024-05-01,0.6320541760722348,,,
COHORT,,,437.0,,,,,,,,,,,,,,,,,,,16.0,,,280.0,,,,,,,,,,,,,,,,,,,,,,2024-05-01,0.6407322654462243,,,
COHORT,,,435.0,,,,,,,,,,,,,,,,,,,17.0,,,274.0,,,,,,,,,,,,,,,,,,,,,,2024-05-01,0.6298850574712643,,,
COHORT,,,425.0,,,,,,,,,,,,,,,,,,,18.0,,,275.0,,,,,,,,,,,,,,,,,,,,,,2024-05-01,0.6470588235294118,,,
COHORT,,,423.0,,,,,,,,,,,,,,,,,,,19.0,,,280.0,,,,,,,,,,,,,,,,,,,,,,2024-05-01,0.6619385342789598,,,
COHORT,,,417.0,,,,,,,,,,,,,,,,,,,20.0,,,256.0,,,,,,,,,,,,,,,,,,,,,,2024-05-01,0.6139088729016786,,,
COHORT,,,410.0,,,,,,,,,,,,,,,,,,,21.0,,,257.0,,,,,,,,,,,,,,,,,,,,,,2024-05-01,0.6268292682926829,,,
COHORT,,,401.0,,,,,,,,,,,,,,,,,,,22.0,,,247.0,,,,,,,,,,,,,,,,,,,,,,2024-05-01,0.6159600997506235,,,
COHORT,,,395.0,,,,,,,,,,,,,,,,,,,23.0,,,254.0,,,,,,,,,,,,,,,,,,,,,,2024-05-01,0.6430379746835443,,,
COHORT,,,389.0,,,,,,,,,,,,,,,,,,,24.0,,,236.0,,,,,,,,,,,,,,,,,,,,,,2024-05-01,0.6066838046272494,,,
COHORT,,,593.0,,,,,,,,,,,,,,,,,,,0.0,,,347.0,,,,,,,,,,,,,,,,,,,,,,2024-06-01,0.5851602023608768,,,
COHORT,,,585.0,,,,,,,,,,,,,,,,,,,1.0,,,448.0,,,,,,,,,,,,,,,,,,,,,,2024-06-01,0.7658119658119659,,,
COHORT,,,569.0,,,,,,,,,,,,,,,,,,,2.0,,,415.0,,,,,,,,,,,,,,,,,,,,,,2024-06-01,0.7293497363796133,,,
COHORT,,,554.0,,,,,,,,,,,,,,,,,,,3.0,,,399.0,,,,,,,,,,,,,,,,,,,,,,2024-06-01,0.720216606498195,,,
COHORT,,,539.0,,,,,,,,,,,,,,,,,,,4.0,,,386.0,,,,,,,,,,,,,,,,,,,,,,2024-06-01,0.7161410018552876,,,
COHORT,,,534.0,,,,,,,,,,,,,,,,,,,5.0,,,376.0,,,,,,,,,,,,,,,,,,,,,,2024-06-01,0.704119850187266,,,
COHORT,,,527.0,,,,,,,,,,,,,,,,,,,6.0,,,365.0,,,,,,,,,,,,,,,,,,,,,,2024-06-01,0.6925996204933587,,,
COHORT,,,511.0,,,,,,,,,,,,,,,,,,,7.0,,,350.0,,,,,,,,,,,,,,,,,,,,,,2024-06-01,0.684931506849315,,,
COHORT,,,503.0,,,,,,,,,,,,,,,,,,,8.0,,,346.0,,,,,,,,,,,,,,,,,,,,,,2024-06-01,0.6878727634194831,,,
COHORT,,,495.0,,,,,,,,,,,,,,,,,,,9.0,,,348.0,,,,,,,,,,,,,,,,,,,,,,2024-06-01,0.703030303030303,,,
COHORT,,,481.0,,,,,,,,,,,,,,,,,,,10.0,,,335.0,,,,,,,,,,,,,,,,,,,,,,2024-06-01,0.6964656964656964,,,
COHORT,,,472.0,,,,,,,,,,,,,,,,,,,11.0,,,309.0,,,,,,,,,,,,,,,,,,,,,,2024-06-01,0.6546610169491526,,,
COHORT,,,467.0,,,,,,,,,,,,,,,,,,,12.0,,,323.0,,,,,,,,,,,,,,,,,,,,,,2024-06-01,0.6916488222698073,,,
COHORT,,,463.0,,,,,,,,,,,,,,,,,,,13.0,,,312.0,,,,,,,,,,,,,,,,,,,,,,2024-06-01,0.673866090712743,,,
COHORT,,,459.0,,,,,,,,,,,,,,,,,,,14.0,,,304.0,,,,,,,,,,,,,,,,,,,,,,2024-06-01,0.6623093681917211,,,
COHORT,,,453.0,,,,,,,,,,,,,,,,,,,15.0,,,297.0,,,,,,,,,,,,,,,,,,,,,,2024-06-01,0.6556291390728477,,,
COHORT,,,443.0,,,,,,,,,,,,,,,,,,,16.0,,,281.0,,,,,,,,,,,,,,,,,,,,,,2024-06-01,0.6343115124153499,,,
COHORT,,,436.0,,,,,,,,,,,,,,,,,,,17.0,,,286.0,,,,,,,,,,,,,,,,,,,,,,2024-06-01,0.6559633027522935,,,
COHORT,,,426.0,,,,,,,,,,,,,,,,,,,18.0,,,282.0,,,,,,,,,,,,,,,,,,,,,,2024-06-01,0.6619718309859155,,,
COHORT,,,415.0,,,,,,,,,,,,,,,,,,,19.0,,,252.0,,,,,,,,,,,,,,,,,,,,,,2024-06-01,0.6072289156626506,,,
COHORT,,,408.0,,,,,,,,,,,,,,,,,,,20.0,,,251.0,,,,,,,,,,,,,,,,,,,,,,2024-06-01,0.6151960784313726,,,
COHORT,,,399.0,,,,,,,,,,,,,,,,,,,21.0,,,256.0,,,,,,,,,,,,,,,,,,,,,,2024-06-01,0.6416040100250626,,,
COHORT,,,395.0,,,,,,,,,,,,,,,,,,,22.0,,,251.0,,,,,,,,,,,,,,,,,,,,,,2024-06-01,0.6354430379746835,,,
COHORT,,,389.0,,,,,,,,,,,,,,,,,,,23.0,,,250.0,,,,,,,,,,,,,,,,,,,,,,2024-06-01,0.6426735218508998,,,
COHORT,,,644.0,,,,,,,,,,,,,,,,,,,0.0,,,380.0,,,,,,,,,,,,,,,,,,,,,,2024-07-01,0.5900621118012422,,,
COHORT,,,639.0,,,,,,,,,,,,,,,,,,,1.0,,,458.0,,,,,,,,,,,,,,,,,,,,,,2024-07-01,0.7167449139280125,,,
COHORT,,,627.0,,,,,,,,,,,,,,,,,,,2.0,,,450.0,,,,,,,,,,,,,,,,,,,,,,2024-07-01,0.7177033492822966,,,
COHORT,,,613.0,,,,,,,,,,,,,,,,,,,3.0,,,445.0,,,,,,,,,,,,,,,,,,,,,,2024-07-01,0.7259380097879282,,,
COHORT,,,601.0,,,,,,,,,,,,,,,,,,,4.0,,,430.0,,,,,,,,,,,,,,,,,,,,,,2024-07-01,0.7154742096505824,,,
COHORT,,,590.0,,,,,,,,,,,,,,,,,,,5.0,,,411.0,,,,,,,,,,,,,,,,,,,,,,2024-07-01,0.6966101694915254,,,
COHORT,,,576.0,,,,,,,,,,,,,,,,,,,6.0,,,381.0,,,,,,,,,,,,,,,,,,,,,,2024-07-01,0.6614583333333334,,,
COHORT,,,565.0,,,,,,,,,,,,,,,,,,,7.0,,,388.0,,,,,,,,,,,,,,,,,,,,,,2024-07-01,0.6867256637168142,,,
COHORT,,,555.0,,,,,,,,,,,,,,,,,,,8.0,,,368.0,,,,,,,,,,,,,,,,,,,,,,2024-07-01,0.6630630630630631,,,
COHORT,,,549.0,,,,,,,,,,,,,,,,,,,9.0,,,375.0,,,,,,,,,,,,,,,,,,,,,,2024-07-01,0.6830601092896175,,,
COHORT,,,543.0,,,,,,,,,,,,,,,,,,,10.0,,,349.0,,,,,,,,,,,,,,,,,,,,,,2024-07-01,0.6427255985267035,,,
COHORT,,,537.0,,,,,,,,,,,,,,,,,,,11.0,,,367.0,,,,,,,,,,,,,,,,,,,,,,2024-07-01,0.6834264432029795,,,
COHORT,,,527.0,,,,,,,,,,,,,,,,,,,12.0,,,345.0,,,,,,,,,,,,,,,,,,,,,,2024-07-01,0.6546489563567363,,,
COHORT,,,518.0,,,,,,,,,,,,,,,,,,,13.0,,,349.0,,,,,,,,,,,,,,,,,,,,,,2024-07-01,0.6737451737451737,,,
COHORT,,,512.0,,,,,,,,,,,,,,,,,,,14.0,,,326.0,,,,,,,,,,,,,,,,,,,,,,2024-07-01,0.63671875,,,
COHORT,,,500.0,,,,,,,,,,,,,,,,,,,15.0,,,325.0,,,,,,,,,,,,,,,,,,,,,,2024-07-01,0.65,,,
COHORT,,,490.0,,,,,,,,,,,,,,,,,,,16.0,,,307.0,,,,,,,,,,,,,,,,,,,,,,2024-07-01,0.6265306122448979,,,
COHORT,,,483.0,,,,,,,,,,,,,,,,,,,17.0,,,314.0,,,,,,,,,,,,,,,,,,,,,,2024-07-01,0.650103519668737,,,
COHORT,,,478.0,,,,,,,,,,,,,,,,,,,18.0,,,300.0,,,,,,,,,,,,,,,,,,,,,,2024-07-01,0.6276150627615062,,,
COHORT,,,469.0,,,,,,,,,,,,,,,,,,,19.0,,,297.0,,,,,,,,,,,,,,,,,,,,,,2024-07-01,0.6332622601279317,,,
COHORT,,,462.0,,,,,,,,,,,,,,,,,,,20.0,,,307.0,,,,,,,,,,,,,,,,,,,,,,2024-07-01,0.6645021645021645,,,
COHORT,,,452.0,,,,,,,,,,,,,,,,,,,21.0,,,303.0,,,,,,,,,,,,,,,,,,,,,,2024-07-01,0.6703539823008849,,,
COHORT,,,445.0,,,,,,,,,,,,,,,,,,,22.0,,,280.0,,,,,,,,,,,,,,,,,,,,,,2024-07-01,0.6292134831460674,,,
COHORT,,,663.0,,,,,,,,,,,,,,,,,,,0.0,,,386.0,,,,,,,,,,,,,,,,,,,,,,2024-08-01,0.5822021116138764,,,
COHORT,,,654.0,,,,,,,,,,,,,,,,,,,1.0,,,457.0,,,,,,,,,,,,,,,,,,,,,,2024-08-01,0.6987767584097859,,,
COHORT,,,635.0,,,,,,,,,,,,,,,,,,,2.0,,,438.0,,,,,,,,,,,,,,,,,,,,,,2024-08-01,0.6897637795275591,,,
COHORT,,,620.0,,,,,,,,,,,,,,,,,,,3.0,,,427.0,,,,,,,,,,,,,,,,,,,,,,2024-08-01,0.6887096774193548,,,
COHORT,,,607.0,,,,,,,,,,,,,,,,,,,4.0,,,436.0,,,,,,,,,,,,,,,,,,,,,,2024-08-01,0.7182866556836903,,,
COHORT,,,589.0,,,,,,,,,,,,,,,,,,,5.0,,,396.0,,,,,,,,,,,,,,,,,,,,,,2024-08-01,0.6723259762308998,,,
COHORT,,,573.0,,,,,,,,,,,,,,,,,,,6.0,,,377.0,,,,,,,,,,,,,,,,,,,,,,2024-08-01,0.6579406631762653,,,
COHORT,,,556.0,,,,,,,,,,,,,,,,,,,7.0,,,373.0,,,,,,,,,,,,,,,,,,,,,,2024-08-01,0.670863309352518,,,
COHORT,,,551.0,,,,,,,,,,,,,,,,,,,8.0,,,368.0,,,,,,,,,,,,,,,,,,,,,,2024-08-01,0.6678765880217786,,,
COHORT,,,543.0,,,,,,,,,,,,,,,,,,,9.0,,,363.0,,,,,,,,,,,,,,,,,,,,,,2024-08-01,0.6685082872928176,,,
COHORT,,,541.0,,,,,,,,,,,,,,,,,,,10.0,,,362.0,,,,,,,,,,,,,,,,,,,,,,2024-08-01,0.6691312384473198,,,
COHORT,,,536.0,,,,,,,,,,,,,,,,,,,11.0,,,348.0,,,,,,,,,,,,,,,,,,,,,,2024-08-01,0.6492537313432836,,,
COHORT,,,526.0,,,,,,,,,,,,,,,,,,,12.0,,,342.0,,,,,,,,,,,,,,,,,,,,,,2024-08-01,0.6501901140684411,,,
COHORT,,,521.0,,,,,,,,,,,,,,,,,,,13.0,,,333.0,,,,,,,,,,,,,,,,,,,,,,2024-08-01,0.6391554702495201,,,
COHORT,,,511.0,,,,,,,,,,,,,,,,,,,14.0,,,328.0,,,,,,,,,,,,,,,,,,,,,,2024-08-01,0.6418786692759295,,,
COHORT,,,504.0,,,,,,,,,,,,,,,,,,,15.0,,,325.0,,,,,,,,,,,,,,,,,,,,,,2024-08-01,0.6448412698412699,,,
COHORT,,,500.0,,,,,,,,,,,,,,,,,,,16.0,,,332.0,,,,,,,,,,,,,,,,,,,,,,2024-08-01,0.664,,,
COHORT,,,494.0,,,,,,,,,,,,,,,,,,,17.0,,,306.0,,,,,,,,,,,,,,,,,,,,,,2024-08-01,0.6194331983805668,,,
COHORT,,,480.0,,,,,,,,,,,,,,,,,,,18.0,,,313.0,,,,,,,,,,,,,,,,,,,,,,2024-08-01,0.6520833333333333,,,
COHORT,,,473.0,,,,,,,,,,,,,,,,,,,19.0,,,302.0,,,,,,,,,,,,,,,,,,,,,,2024-08-01,0.638477801268499,,,
COHORT,,,461.0,,,,,,,,,,,,,,,,,,,20.0,,,304.0,,,,,,,,,,,,,,,,,,,,,,2024-08-01,0.6594360086767896,,,
COHORT,,,445.0,,,,,,,,,,,,,,,,,,,21.0,,,279.0,,,,,,,,,,,,,,,,,,,,,,2024-08-01,0.6269662921348315,,,
COHORT,,,624.0,,,,,,,,,,,,,,,,,,,0.0,,,381.0,,,,,,,,,,,,,,,,,,,,,,2024-09-01,0.6105769230769231,,,
COHORT,,,617.0,,,,,,,,,,,,,,,,,,,1.0,,,437.0,,,,,,,,,,,,,,,,,,,,,,2024-09-01,0.7082658022690438,,,
COHORT,,,595.0,,,,,,,,,,,,,,,,,,,2.0,,,414.0,,,,,,,,,,,,,,,,,,,,,,2024-09-01,0.6957983193277311,,,
COHORT,,,581.0,,,,,,,,,,,,,,,,,,,3.0,,,413.0,,,,,,,,,,,,,,,,,,,,,,2024-09-01,0.7108433734939759,,,
COHORT,,,559.0,,,,,,,,,,,,,,,,,,,4.0,,,392.0,,,,,,,,,,,,,,,,,,,,,,2024-09-01,0.7012522361359571,,,
COHORT,,,547.0,,,,,,,,,,,,,,,,,,,5.0,,,379.0,,,,,,,,,,,,,,,,,,,,,,2024-09-01,0.6928702010968921,,,
COHORT,,,530.0,,,,,,,,,,,,,,,,,,,6.0,,,372.0,,,,,,,,,,,,,,,,,,,,,,2024-09-01,0.7018867924528301,,,
COHORT,,,518.0,,,,,,,,,,,,,,,,,,,7.0,,,360.0,,,,,,,,,,,,,,,,,,,,,,2024-09-01,0.694980694980695,,,
COHORT,,,508.0,,,,,,,,,,,,,,,,,,,8.0,,,351.0,,,,,,,,,,,,,,,,,,,,,,2024-09-01,0.6909448818897638,,,
COHORT,,,501.0,,,,,,,,,,,,,,,,,,,9.0,,,353.0,,,,,,,,,,,,,,,,,,,,,,2024-09-01,0.7045908183632734,,,
COHORT,,,492.0,,,,,,,,,,,,,,,,,,,10.0,,,335.0,,,,,,,,,,,,,,,,,,,,,,2024-09-01,0.6808943089430894,,,
COHORT,,,483.0,,,,,,,,,,,,,,,,,,,11.0,,,322.0,,,,,,,,,,,,,,,,,,,,,,2024-09-01,0.6666666666666666,,,
COHORT,,,472.0,,,,,,,,,,,,,,,,,,,12.0,,,313.0,,,,,,,,,,,,,,,,,,,,,,2024-09-01,0.663135593220339,,,
COHORT,,,469.0,,,,,,,,,,,,,,,,,,,13.0,,,313.0,,,,,,,,,,,,,,,,,,,,,,2024-09-01,0.6673773987206824,,,
COHORT,,,466.0,,,,,,,,,,,,,,,,,,,14.0,,,307.0,,,,,,,,,,,,,,,,,,,,,,2024-09-01,0.6587982832618026,,,
COHORT,,,460.0,,,,,,,,,,,,,,,,,,,15.0,,,307.0,,,,,,,,,,,,,,,,,,,,,,2024-09-01,0.6673913043478261,,,
COHORT,,,453.0,,,,,,,,,,,,,,,,,,,16.0,,,298.0,,,,,,,,,,,,,,,,,,,,,,2024-09-01,0.6578366445916115,,,
COHORT,,,445.0,,,,,,,,,,,,,,,,,,,17.0,,,290.0,,,,,,,,,,,,,,,,,,,,,,2024-09-01,0.651685393258427,,,
COHORT,,,443.0,,,,,,,,,,,,,,,,,,,18.0,,,290.0,,,,,,,,,,,,,,,,,,,,,,2024-09-01,0.654627539503386,,,
COHORT,,,433.0,,,,,,,,,,,,,,,,,,,19.0,,,276.0,,,,,,,,,,,,,,,,,,,,,,2024-09-01,0.6374133949191686,,,
COHORT,,,429.0,,,,,,,,,,,,,,,,,,,20.0,,,283.0,,,,,,,,,,,,,,,,,,,,,,2024-09-01,0.6596736596736597,,,
COHORT,,,712.0,,,,,,,,,,,,,,,,,,,0.0,,,411.0,,,,,,,,,,,,,,,,,,,,,,2024-10-01,0.577247191011236,,,
COHORT,,,703.0,,,,,,,,,,,,,,,,,,,1.0,,,483.0,,,,,,,,,,,,,,,,,,,,,,2024-10-01,0.6870554765291608,,,
COHORT,,,674.0,,,,,,,,,,,,,,,,,,,2.0,,,501.0,,,,,,,,,,,,,,,,,,,,,,2024-10-01,0.7433234421364985,,,
COHORT,,,652.0,,,,,,,,,,,,,,,,,,,3.0,,,453.0,,,,,,,,,,,,,,,,,,,,,,2024-10-01,0.6947852760736196,,,
COHORT,,,635.0,,,,,,,,,,,,,,,,,,,4.0,,,421.0,,,,,,,,,,,,,,,,,,,,,,2024-10-01,0.662992125984252,,,
COHORT,,,621.0,,,,,,,,,,,,,,,,,,,5.0,,,433.0,,,,,,,,,,,,,,,,,,,,,,2024-10-01,0.6972624798711755,,,
COHORT,,,602.0,,,,,,,,,,,,,,,,,,,6.0,,,424.0,,,,,,,,,,,,,,,,,,,,,,2024-10-01,0.7043189368770764,,,
COHORT,,,589.0,,,,,,,,,,,,,,,,,,,7.0,,,396.0,,,,,,,,,,,,,,,,,,,,,,2024-10-01,0.6723259762308998,,,
COHORT,,,582.0,,,,,,,,,,,,,,,,,,,8.0,,,398.0,,,,,,,,,,,,,,,,,,,,,,2024-10-01,0.6838487972508591,,,
COHORT,,,577.0,,,,,,,,,,,,,,,,,,,9.0,,,387.0,,,,,,,,,,,,,,,,,,,,,,2024-10-01,0.6707105719237435,,,
COHORT,,,574.0,,,,,,,,,,,,,,,,,,,10.0,,,389.0,,,,,,,,,,,,,,,,,,,,,,2024-10-01,0.6777003484320557,,,
COHORT,,,568.0,,,,,,,,,,,,,,,,,,,11.0,,,377.0,,,,,,,,,,,,,,,,,,,,,,2024-10-01,0.6637323943661971,,,
COHORT,,,558.0,,,,,,,,,,,,,,,,,,,12.0,,,384.0,,,,,,,,,,,,,,,,,,,,,,2024-10-01,0.6881720430107527,,,
COHORT,,,546.0,,,,,,,,,,,,,,,,,,,13.0,,,370.0,,,,,,,,,,,,,,,,,,,,,,2024-10-01,0.6776556776556777,,,
COHORT,,,537.0,,,,,,,,,,,,,,,,,,,14.0,,,363.0,,,,,,,,,,,,,,,,,,,,,,2024-10-01,0.6759776536312849,,,
COHORT,,,525.0,,,,,,,,,,,,,,,,,,,15.0,,,326.0,,,,,,,,,,,,,,,,,,,,,,2024-10-01,0.6209523809523809,,,
COHORT,,,512.0,,,,,,,,,,,,,,,,,,,16.0,,,336.0,,,,,,,,,,,,,,,,,,,,,,2024-10-01,0.65625,,,
COHORT,,,504.0,,,,,,,,,,,,,,,,,,,17.0,,,340.0,,,,,,,,,,,,,,,,,,,,,,2024-10-01,0.6746031746031746,,,
COHORT,,,493.0,,,,,,,,,,,,,,,,,,,18.0,,,333.0,,,,,,,,,,,,,,,,,,,,,,2024-10-01,0.6754563894523327,,,
COHORT,,,485.0,,,,,,,,,,,,,,,,,,,19.0,,,322.0,,,,,,,,,,,,,,,,,,,,,,2024-10-01,0.6639175257731958,,,
COHORT,,,968.0,,,,,,,,,,,,,,,,,,,0.0,,,542.0,,,,,,,,,,,,,,,,,,,,,,2024-11-01,0.5599173553719008,,,
COHORT,,,959.0,,,,,,,,,,,,,,,,,,,1.0,,,717.0,,,,,,,,,,,,,,,,,,,,,,2024-11-01,0.7476538060479666,,,
COHORT,,,935.0,,,,,,,,,,,,,,,,,,,2.0,,,666.0,,,,,,,,,,,,,,,,,,,,,,2024-11-01,0.7122994652406417,,,
COHORT,,,918.0,,,,,,,,,,,,,,,,,,,3.0,,,660.0,,,,,,,,,,,,,,,,,,,,,,2024-11-01,0.7189542483660131,,,
COHORT,,,895.0,,,,,,,,,,,,,,,,,,,4.0,,,640.0,,,,,,,,,,,,,,,,,,,,,,2024-11-01,0.7150837988826816,,,
COHORT,,,877.0,,,,,,,,,,,,,,,,,,,5.0,,,619.0,,,,,,,,,,,,,,,,,,,,,,2024-11-01,0.7058152793614595,,,
COHORT,,,861.0,,,,,,,,,,,,,,,,,,,6.0,,,582.0,,,,,,,,,,,,,,,,,,,,,,2024-11-01,0.6759581881533101,,,
COHORT,,,851.0,,,,,,,,,,,,,,,,,,,7.0,,,603.0,,,,,,,,,,,,,,,,,,,,,,2024-11-01,0.7085781433607521,,,
COHORT,,,843.0,,,,,,,,,,,,,,,,,,,8.0,,,572.0,,,,,,,,,,,,,,,,,,,,,,2024-11-01,0.6785290628706999,,,
COHORT,,,831.0,,,,,,,,,,,,,,,,,,,9.0,,,568.0,,,,,,,,,,,,,,,,,,,,,,2024-11-01,0.6835138387484958,,,
COHORT,,,822.0,,,,,,,,,,,,,,,,,,,10.0,,,562.0,,,,,,,,,,,,,,,,,,,,,,2024-11-01,0.683698296836983,,,
COHORT,,,805.0,,,,,,,,,,,,,,,,,,,11.0,,,549.0,,,,,,,,,,,,,,,,,,,,,,2024-11-01,0.6819875776397516,,,
COHORT,,,781.0,,,,,,,,,,,,,,,,,,,12.0,,,519.0,,,,,,,,,,,,,,,,,,,,,,2024-11-01,0.6645326504481434,,,
COHORT,,,769.0,,,,,,,,,,,,,,,,,,,13.0,,,532.0,,,,,,,,,,,,,,,,,,,,,,2024-11-01,0.6918075422626788,,,
COHORT,,,748.0,,,,,,,,,,,,,,,,,,,14.0,,,493.0,,,,,,,,,,,,,,,,,,,,,,2024-11-01,0.6590909090909091,,,
COHORT,,,738.0,,,,,,,,,,,,,,,,,,,15.0,,,474.0,,,,,,,,,,,,,,,,,,,,,,2024-11-01,0.6422764227642277,,,
COHORT,,,727.0,,,,,,,,,,,,,,,,,,,16.0,,,484.0,,,,,,,,,,,,,,,,,,,,,,2024-11-01,0.6657496561210454,,,
COHORT,,,721.0,,,,,,,,,,,,,,,,,,,17.0,,,483.0,,,,,,,,,,,,,,,,,,,,,,2024-11-01,0.6699029126213593,,,
COHORT,,,713.0,,,,,,,,,,,,,,,,,,,18.0,,,475.0,,,,,,,,,,,,,,,,,,,,,,2024-11-01,0.6661991584852734,,,
COHORT,,,912.0,,,,,,,,,,,,,,,,,,,0.0,,,537.0,,,,,,,,,,,,,,,,,,,,,,2024-12-01,0.5888157894736842,,,
COHORT,,,905.0,,,,,,,,,,,,,,,,,,,1.0,,,600.0,,,,,,,,,,,,,,,,,,,,,,2024-12-01,0.6629834254143646,,,
COHORT,,,891.0,,,,,,,,,,,,,,,,,,,2.0,,,579.0,,,,,,,,,,,,,,,,,,,,,,2024-12-01,0.6498316498316499,,,
COHORT,,,868.0,,,,,,,,,,,,,,,,,,,3.0,,,560.0,,,,,,,,,,,,,,,,,,,,,,2024-12-01,0.6451612903225806,,,
COHORT,,,857.0,,,,,,,,,,,,,,,,,,,4.0,,,567.0,,,,,,,,,,,,,,,,,,,,,,2024-12-01,0.661610268378063,,,
COHORT,,,844.0,,,,,,,,,,,,,,,,,,,5.0,,,551.0,,,,,,,,,,,,,,,,,,,,,,2024-12-01,0.6528436018957346,,,
COHORT,,,826.0,,,,,,,,,,,,,,,,,,,6.0,,,545.0,,,,,,,,,,,,,,,,,,,,,,2024-12-01,0.6598062953995157,,,
COHORT,,,816.0,,,,,,,,,,,,,,,,,,,7.0,,,525.0,,,,,,,,,,,,,,,,,,,,,,2024-12-01,0.6433823529411765,,,
COHORT,,,808.0,,,,,,,,,,,,,,,,,,,8.0,,,522.0,,,,,,,,,,,,,,,,,,,,,,2024-12-01,0.6460396039603961,,,
COHORT,,,798.0,,,,,,,,,,,,,,,,,,,9.0,,,517.0,,,,,,,,,,,,,,,,,,,,,,2024-12-01,0.6478696741854637,,,
COHORT,,,783.0,,,,,,,,,,,,,,,,,,,10.0,,,504.0,,,,,,,,,,,,,,,,,,,,,,2024-12-01,0.6436781609195402,,,
COHORT,,,777.0,,,,,,,,,,,,,,,,,,,11.0,,,512.0,,,,,,,,,,,,,,,,,,,,,,2024-12-01,0.6589446589446589,,,
COHORT,,,758.0,,,,,,,,,,,,,,,,,,,12.0,,,488.0,,,,,,,,,,,,,,,,,,,,,,2024-12-01,0.6437994722955145,,,
COHORT,,,738.0,,,,,,,,,,,,,,,,,,,13.0,,,458.0,,,,,,,,,,,,,,,,,,,,,,2024-12-01,0.6205962059620597,,,
COHORT,,,724.0,,,,,,,,,,,,,,,,,,,14.0,,,454.0,,,,,,,,,,,,,,,,,,,,,,2024-12-01,0.6270718232044199,,,
COHORT,,,713.0,,,,,,,,,,,,,,,,,,,15.0,,,430.0,,,,,,,,,,,,,,,,,,,,,,2024-12-01,0.603085553997195,,,
COHORT,,,704.0,,,,,,,,,,,,,,,,,,,16.0,,,420.0,,,,,,,,,,,,,,,,,,,,,,2024-12-01,0.5965909090909091,,,
COHORT,,,696.0,,,,,,,,,,,,,,,,,,,17.0,,,411.0,,,,,,,,,,,,,,,,,,,,,,2024-12-01,0.5905172413793104,,,
COHORT,,,617.0,,,,,,,,,,,,,,,,,,,0.0,,,329.0,,,,,,,,,,,,,,,,,,,,,,2025-01-01,0.5332252836304701,,,
COHORT,,,614.0,,,,,,,,,,,,,,,,,,,1.0,,,429.0,,,,,,,,,,,,,,,,,,,,,,2025-01-01,0.6986970684039088,,,
COHORT,,,600.0,,,,,,,,,,,,,,,,,,,2.0,,,420.0,,,,,,,,,,,,,,,,,,,,,,2025-01-01,0.7,,,
COHORT,,,583.0,,,,,,,,,,,,,,,,,,,3.0,,,422.0,,,,,,,,,,,,,,,,,,,,,,2025-01-01,0.7238421955403087,,,
COHORT,,,577.0,,,,,,,,,,,,,,,,,,,4.0,,,397.0,,,,,,,,,,,,,,,,,,,,,,2025-01-01,0.6880415944540728,,,
COHORT,,,567.0,,,,,,,,,,,,,,,,,,,5.0,,,407.0,,,,,,,,,,,,,,,,,,,,,,2025-01-01,0.7178130511463845,,,
COHORT,,,561.0,,,,,,,,,,,,,,,,,,,6.0,,,389.0,,,,,,,,,,,,,,,,,,,,,,2025-01-01,0.6934046345811051,,,
COHORT,,,547.0,,,,,,,,,,,,,,,,,,,7.0,,,386.0,,,,,,,,,,,,,,,,,,,,,,2025-01-01,0.7056672760511883,,,
COHORT,,,539.0,,,,,,,,,,,,,,,,,,,8.0,,,372.0,,,,,,,,,,,,,,,,,,,,,,2025-01-01,0.6901669758812616,,,
COHORT,,,525.0,,,,,,,,,,,,,,,,,,,9.0,,,359.0,,,,,,,,,,,,,,,,,,,,,,2025-01-01,0.6838095238095238,,,
COHORT,,,514.0,,,,,,,,,,,,,,,,,,,10.0,,,344.0,,,,,,,,,,,,,,,,,,,,,,2025-01-01,0.669260700389105,,,
COHORT,,,509.0,,,,,,,,,,,,,,,,,,,11.0,,,351.0,,,,,,,,,,,,,,,,,,,,,,2025-01-01,0.6895874263261297,,,
COHORT,,,505.0,,,,,,,,,,,,,,,,,,,12.0,,,349.0,,,,,,,,,,,,,,,,,,,,,,2025-01-01,0.691089108910891,,,
COHORT,,,500.0,,,,,,,,,,,,,,,,,,,13.0,,,317.0,,,,,,,,,,,,,,,,,,,,,,2025-01-01,0.634,,,
COHORT,,,493.0,,,,,,,,,,,,,,,,,,,14.0,,,324.0,,,,,,,,,,,,,,,,,,,,,,2025-01-01,0.6572008113590264,,,
COHORT,,,491.0,,,,,,,,,,,,,,,,,,,15.0,,,326.0,,,,,,,,,,,,,,,,,,,,,,2025-01-01,0.6639511201629328,,,
COHORT,,,480.0,,,,,,,,,,,,,,,,,,,16.0,,,312.0,,,,,,,,,,,,,,,,,,,,,,2025-01-01,0.65,,,
COHORT,,,728.0,,,,,,,,,,,,,,,,,,,0.0,,,406.0,,,,,,,,,,,,,,,,,,,,,,2025-02-01,0.5576923076923077,,,
COHORT,,,721.0,,,,,,,,,,,,,,,,,,,1.0,,,510.0,,,,,,,,,,,,,,,,,,,,,,2025-02-01,0.7073509015256588,,,
COHORT,,,705.0,,,,,,,,,,,,,,,,,,,2.0,,,512.0,,,,,,,,,,,,,,,,,,,,,,2025-02-01,0.7262411347517731,,,
COHORT,,,682.0,,,,,,,,,,,,,,,,,,,3.0,,,491.0,,,,,,,,,,,,,,,,,,,,,,2025-02-01,0.7199413489736071,,,
COHORT,,,675.0,,,,,,,,,,,,,,,,,,,4.0,,,488.0,,,,,,,,,,,,,,,,,,,,,,2025-02-01,0.7229629629629629,,,
COHORT,,,660.0,,,,,,,,,,,,,,,,,,,5.0,,,467.0,,,,,,,,,,,,,,,,,,,,,,2025-02-01,0.7075757575757575,,,
COHORT,,,644.0,,,,,,,,,,,,,,,,,,,6.0,,,454.0,,,,,,,,,,,,,,,,,,,,,,2025-02-01,0.7049689440993789,,,
COHORT,,,631.0,,,,,,,,,,,,,,,,,,,7.0,,,438.0,,,,,,,,,,,,,,,,,,,,,,2025-02-01,0.694136291600634,,,
COHORT,,,622.0,,,,,,,,,,,,,,,,,,,8.0,,,427.0,,,,,,,,,,,,,,,,,,,,,,2025-02-01,0.6864951768488746,,,
COHORT,,,611.0,,,,,,,,,,,,,,,,,,,9.0,,,395.0,,,,,,,,,,,,,,,,,,,,,,2025-02-01,0.646481178396072,,,
COHORT,,,607.0,,,,,,,,,,,,,,,,,,,10.0,,,413.0,,,,,,,,,,,,,,,,,,,,,,2025-02-01,0.6803953871499177,,,
COHORT,,,594.0,,,,,,,,,,,,,,,,,,,11.0,,,400.0,,,,,,,,,,,,,,,,,,,,,,2025-02-01,0.6734006734006734,,,
COHORT,,,579.0,,,,,,,,,,,,,,,,,,,12.0,,,373.0,,,,,,,,,,,,,,,,,,,,,,2025-02-01,0.6442141623488774,,,
COHORT,,,569.0,,,,,,,,,,,,,,,,,,,13.0,,,380.0,,,,,,,,,,,,,,,,,,,,,,2025-02-01,0.6678383128295254,,,
COHORT,,,564.0,,,,,,,,,,,,,,,,,,,14.0,,,374.0,,,,,,,,,,,,,,,,,,,,,,2025-02-01,0.6631205673758865,,,
COHORT,,,556.0,,,,,,,,,,,,,,,,,,,15.0,,,368.0,,,,,,,,,,,,,,,,,,,,,,2025-02-01,0.6618705035971223,,,
COHORT,,,702.0,,,,,,,,,,,,,,,,,,,0.0,,,387.0,,,,,,,,,,,,,,,,,,,,,,2025-03-01,0.5512820512820513,,,
COHORT,,,697.0,,,,,,,,,,,,,,,,,,,1.0,,,471.0,,,,,,,,,,,,,,,,,,,,,,2025-03-01,0.6757532281205165,,,
COHORT,,,677.0,,,,,,,,,,,,,,,,,,,2.0,,,465.0,,,,,,,,,,,,,,,,,,,,,,2025-03-01,0.6868537666174298,,,
COHORT,,,663.0,,,,,,,,,,,,,,,,,,,3.0,,,458.0,,,,,,,,,,,,,,,,,,,,,,2025-03-01,0.6907993966817496,,,
COHORT,,,650.0,,,,,,,,,,,,,,,,,,,4.0,,,457.0,,,,,,,,,,,,,,,,,,,,,,2025-03-01,0.703076923076923,,,
COHORT,,,638.0,,,,,,,,,,,,,,,,,,,5.0,,,431.0,,,,,,,,,,,,,,,,,,,,,,2025-03-01,0.6755485893416928,,,
COHORT,,,627.0,,,,,,,,,,,,,,,,,,,6.0,,,411.0,,,,,,,,,,,,,,,,,,,,,,2025-03-01,0.6555023923444976,,,
COHORT,,,615.0,,,,,,,,,,,,,,,,,,,7.0,,,414.0,,,,,,,,,,,,,,,,,,,,,,2025-03-01,0.6731707317073171,,,
COHORT,,,601.0,,,,,,,,,,,,,,,,,,,8.0,,,398.0,,,,,,,,,,,,,,,,,,,,,,2025-03-01,0.6622296173044925,,,
COHORT,,,593.0,,,,,,,,,,,,,,,,,,,9.0,,,426.0,,,,,,,,,,,,,,,,,,,,,,2025-03-01,0.718381112984823,,,
COHORT,,,577.0,,,,,,,,,,,,,,,,,,,10.0,,,365.0,,,,,,,,,,,,,,,,,,,,,,2025-03-01,0.6325823223570191,,,
COHORT,,,571.0,,,,,,,,,,,,,,,,,,,11.0,,,379.0,,,,,,,,,,,,,,,,,,,,,,2025-03-01,0.6637478108581436,,,
COHORT,,,562.0,,,,,,,,,,,,,,,,,,,12.0,,,382.0,,,,,,,,,,,,,,,,,,,,,,2025-03-01,0.6797153024911032,,,
COHORT,,,549.0,,,,,,,,,,,,,,,,,,,13.0,,,363.0,,,,,,,,,,,,,,,,,,,,,,2025-03-01,0.6612021857923497,,,
COHORT,,,538.0,,,,,,,,,,,,,,,,,,,14.0,,,365.0,,,,,,,,,,,,,,,,,,,,,,2025-03-01,0.6784386617100372,,,
COHORT,,,747.0,,,,,,,,,,,,,,,,,,,0.0,,,446.0,,,,,,,,,,,,,,,,,,,,,,2025-04-01,0.5970548862115127,,,
COHORT,,,740.0,,,,,,,,,,,,,,,,,,,1.0,,,522.0,,,,,,,,,,,,,,,,,,,,,,2025-04-01,0.7054054054054054,,,
COHORT,,,716.0,,,,,,,,,,,,,,,,,,,2.0,,,496.0,,,,,,,,,,,,,,,,,,,,,,2025-04-01,0.6927374301675978,,,
COHORT,,,702.0,,,,,,,,,,,,,,,,,,,3.0,,,503.0,,,,,,,,,,,,,,,,,,,,,,2025-04-01,0.7165242165242165,,,
COHORT,,,688.0,,,,,,,,,,,,,,,,,,,4.0,,,489.0,,,,,,,,,,,,,,,,,,,,,,2025-04-01,0.7107558139534884,,,
COHORT,,,671.0,,,,,,,,,,,,,,,,,,,5.0,,,470.0,,,,,,,,,,,,,,,,,,,,,,2025-04-01,0.7004470938897168,,,
COHORT,,,658.0,,,,,,,,,,,,,,,,,,,6.0,,,437.0,,,,,,,,,,,,,,,,,,,,,,2025-04-01,0.6641337386018237,,,
COHORT,,,647.0,,,,,,,,,,,,,,,,,,,7.0,,,435.0,,,,,,,,,,,,,,,,,,,,,,2025-04-01,0.6723338485316847,,,
COHORT,,,639.0,,,,,,,,,,,,,,,,,,,8.0,,,441.0,,,,,,,,,,,,,,,,,,,,,,2025-04-01,0.6901408450704225,,,
COHORT,,,631.0,,,,,,,,,,,,,,,,,,,9.0,,,413.0,,,,,,,,,,,,,,,,,,,,,,2025-04-01,0.6545166402535658,,,
COHORT,,,621.0,,,,,,,,,,,,,,,,,,,10.0,,,406.0,,,,,,,,,,,,,,,,,,,,,,2025-04-01,0.6537842190016103,,,
COHORT,,,610.0,,,,,,,,,,,,,,,,,,,11.0,,,409.0,,,,,,,,,,,,,,,,,,,,,,2025-04-01,0.6704918032786885,,,
COHORT,,,595.0,,,,,,,,,,,,,,,,,,,12.0,,,400.0,,,,,,,,,,,,,,,,,,,,,,2025-04-01,0.6722689075630253,,,
COHORT,,,586.0,,,,,,,,,,,,,,,,,,,13.0,,,383.0,,,,,,,,,,,,,,,,,,,,,,2025-04-01,0.6535836177474402,,,
COHORT,,,647.0,,,,,,,,,,,,,,,,,,,0.0,,,376.0,,,,,,,,,,,,,,,,,,,,,,2025-05-01,0.5811437403400309,,,
COHORT,,,640.0,,,,,,,,,,,,,,,,,,,1.0,,,434.0,,,,,,,,,,,,,,,,,,,,,,2025-05-01,0.678125,,,
COHORT,,,628.0,,,,,,,,,,,,,,,,,,,2.0,,,449.0,,,,,,,,,,,,,,,,,,,,,,2025-05-01,0.714968152866242,,,
COHORT,,,609.0,,,,,,,,,,,,,,,,,,,3.0,,,416.0,,,,,,,,,,,,,,,,,,,,,,2025-05-01,0.6830870279146142,,,
COHORT,,,594.0,,,,,,,,,,,,,,,,,,,4.0,,,405.0,,,,,,,,,,,,,,,,,,,,,,2025-05-01,0.6818181818181818,,,
COHORT,,,580.0,,,,,,,,,,,,,,,,,,,5.0,,,394.0,,,,,,,,,,,,,,,,,,,,,,2025-05-01,0.6793103448275862,,,
COHORT,,,566.0,,,,,,,,,,,,,,,,,,,6.0,,,366.0,,,,,,,,,,,,,,,,,,,,,,2025-05-01,0.6466431095406361,,,
COHORT,,,553.0,,,,,,,,,,,,,,,,,,,7.0,,,373.0,,,,,,,,,,,,,,,,,,,,,,2025-05-01,0.674502712477396,,,
COHORT,,,548.0,,,,,,,,,,,,,,,,,,,8.0,,,337.0,,,,,,,,,,,,,,,,,,,,,,2025-05-01,0.614963503649635,,,
COHORT,,,539.0,,,,,,,,,,,,,,,,,,,9.0,,,341.0,,,,,,,,,,,,,,,,,,,,,,2025-05-01,0.6326530612244898,,,
COHORT,,,535.0,,,,,,,,,,,,,,,,,,,10.0,,,348.0,,,,,,,,,,,,,,,,,,,,,,2025-05-01,0.6504672897196262,,,
COHORT,,,524.0,,,,,,,,,,,,,,,,,,,11.0,,,344.0,,,,,,,,,,,,,,,,,,,,,,2025-05-01,0.6564885496183206,,,
COHORT,,,515.0,,,,,,,,,,,,,,,,,,,12.0,,,323.0,,,,,,,,,,,,,,,,,,,,,,2025-05-01,0.6271844660194175,,,
COHORT,,,619.0,,,,,,,,,,,,,,,,,,,0.0,,,337.0,,,,,,,,,,,,,,,,,,,,,,2025-06-01,0.5444264943457189,,,
COHORT,,,611.0,,,,,,,,,,,,,,,,,,,1.0,,,417.0,,,,,,,,,,,,,,,,,,,,,,2025-06-01,0.6824877250409165,,,
COHORT,,,599.0,,,,,,,,,,,,,,,,,,,2.0,,,405.0,,,,,,,,,,,,,,,,,,,,,,2025-06-01,0.676126878130217,,,
COHORT,,,584.0,,,,,,,,,,,,,,,,,,,3.0,,,406.0,,,,,,,,,,,,,,,,,,,,,,2025-06-01,0.6952054794520548,,,
COHORT,,,568.0,,,,,,,,,,,,,,,,,,,4.0,,,406.0,,,,,,,,,,,,,,,,,,,,,,2025-06-01,0.7147887323943662,,,
COHORT,,,559.0,,,,,,,,,,,,,,,,,,,5.0,,,379.0,,,,,,,,,,,,,,,,,,,,,,2025-06-01,0.6779964221824687,,,
COHORT,,,549.0,,,,,,,,,,,,,,,,,,,6.0,,,375.0,,,,,,,,,,,,,,,,,,,,,,2025-06-01,0.6830601092896175,,,
COHORT,,,531.0,,,,,,,,,,,,,,,,,,,7.0,,,336.0,,,,,,,,,,,,,,,,,,,,,,2025-06-01,0.632768361581921,,,
COHORT,,,521.0,,,,,,,,,,,,,,,,,,,8.0,,,344.0,,,,,,,,,,,,,,,,,,,,,,2025-06-01,0.6602687140115163,,,
COHORT,,,517.0,,,,,,,,,,,,,,,,,,,9.0,,,342.0,,,,,,,,,,,,,,,,,,,,,,2025-06-01,0.6615087040618955,,,
COHORT,,,507.0,,,,,,,,,,,,,,,,,,,10.0,,,319.0,,,,,,,,,,,,,,,,,,,,,,2025-06-01,0.6291913214990138,,,
COHORT,,,502.0,,,,,,,,,,,,,,,,,,,11.0,,,317.0,,,,,,,,,,,,,,,,,,,,,,2025-06-01,0.6314741035856574,,,
COHORT,,,732.0,,,,,,,,,,,,,,,,,,,0.0,,,434.0,,,,,,,,,,,,,,,,,,,,,,2025-07-01,0.592896174863388,,,
COHORT,,,720.0,,,,,,,,,,,,,,,,,,,1.0,,,500.0,,,,,,,,,,,,,,,,,,,,,,2025-07-01,0.6944444444444444,,,
COHORT,,,703.0,,,,,,,,,,,,,,,,,,,2.0,,,496.0,,,,,,,,,,,,,,,,,,,,,,2025-07-01,0.705547652916074,,,
COHORT,,,684.0,,,,,,,,,,,,,,,,,,,3.0,,,500.0,,,,,,,,,,,,,,,,,,,,,,2025-07-01,0.7309941520467836,,,
COHORT,,,666.0,,,,,,,,,,,,,,,,,,,4.0,,,433.0,,,,,,,,,,,,,,,,,,,,,,2025-07-01,0.6501501501501501,,,
COHORT,,,658.0,,,,,,,,,,,,,,,,,,,5.0,,,452.0,,,,,,,,,,,,,,,,,,,,,,2025-07-01,0.6869300911854104,,,
COHORT,,,635.0,,,,,,,,,,,,,,,,,,,6.0,,,409.0,,,,,,,,,,,,,,,,,,,,,,2025-07-01,0.6440944881889764,,,
COHORT,,,619.0,,,,,,,,,,,,,,,,,,,7.0,,,398.0,,,,,,,,,,,,,,,,,,,,,,2025-07-01,0.6429725363489499,,,
COHORT,,,609.0,,,,,,,,,,,,,,,,,,,8.0,,,393.0,,,,,,,,,,,,,,,,,,,,,,2025-07-01,0.645320197044335,,,
COHORT,,,603.0,,,,,,,,,,,,,,,,,,,9.0,,,398.0,,,,,,,,,,,,,,,,,,,,,,2025-07-01,0.6600331674958541,,,
COHORT,,,595.0,,,,,,,,,,,,,,,,,,,10.0,,,379.0,,,,,,,,,,,,,,,,,,,,,,2025-07-01,0.6369747899159663,,,
COHORT,,,627.0,,,,,,,,,,,,,,,,,,,0.0,,,331.0,,,,,,,,,,,,,,,,,,,,,,2025-08-01,0.5279106858054227,,,
COHORT,,,619.0,,,,,,,,,,,,,,,,,,,1.0,,,411.0,,,,,,,,,,,,,,,,,,,,,,2025-08-01,0.6639741518578353,,,
COHORT,,,606.0,,,,,,,,,,,,,,,,,,,2.0,,,415.0,,,,,,,,,,,,,,,,,,,,,,2025-08-01,0.6848184818481848,,,
COHORT,,,589.0,,,,,,,,,,,,,,,,,,,3.0,,,406.0,,,,,,,,,,,,,,,,,,,,,,2025-08-01,0.6893039049235993,,,
COHORT,,,580.0,,,,,,,,,,,,,,,,,,,4.0,,,409.0,,,,,,,,,,,,,,,,,,,,,,2025-08-01,0.7051724137931035,,,
COHORT,,,575.0,,,,,,,,,,,,,,,,,,,5.0,,,384.0,,,,,,,,,,,,,,,,,,,,,,2025-08-01,0.6678260869565218,,,
COHORT,,,562.0,,,,,,,,,,,,,,,,,,,6.0,,,370.0,,,,,,,,,,,,,,,,,,,,,,2025-08-01,0.6583629893238434,,,
COHORT,,,554.0,,,,,,,,,,,,,,,,,,,7.0,,,390.0,,,,,,,,,,,,,,,,,,,,,,2025-08-01,0.703971119133574,,,
COHORT,,,544.0,,,,,,,,,,,,,,,,,,,8.0,,,362.0,,,,,,,,,,,,,,,,,,,,,,2025-08-01,0.6654411764705882,,,
COHORT,,,537.0,,,,,,,,,,,,,,,,,,,9.0,,,357.0,,,,,,,,,,,,,,,,,,,,,,2025-08-01,0.664804469273743,,,
COHORT,,,757.0,,,,,,,,,,,,,,,,,,,0.0,,,450.0,,,,,,,,,,,,,,,,,,,,,,2025-09-01,0.5944517833553501,,,
COHORT,,,744.0,,,,,,,,,,,,,,,,,,,1.0,,,520.0,,,,,,,,,,,,,,,,,,,,,,2025-09-01,0.6989247311827957,,,
COHORT,,,720.0,,,,,,,,,,,,,,,,,,,2.0,,,498.0,,,,,,,,,,,,,,,,,,,,,,2025-09-01,0.6916666666666667,,,
COHORT,,,713.0,,,,,,,,,,,,,,,,,,,3.0,,,511.0,,,,,,,,,,,,,,,,,,,,,,2025-09-01,0.7166900420757363,,,
COHORT,,,689.0,,,,,,,,,,,,,,,,,,,4.0,,,468.0,,,,,,,,,,,,,,,,,,,,,,2025-09-01,0.6792452830188679,,,
COHORT,,,678.0,,,,,,,,,,,,,,,,,,,5.0,,,456.0,,,,,,,,,,,,,,,,,,,,,,2025-09-01,0.672566371681416,,,
COHORT,,,667.0,,,,,,,,,,,,,,,,,,,6.0,,,437.0,,,,,,,,,,,,,,,,,,,,,,2025-09-01,0.6551724137931034,,,
COHORT,,,654.0,,,,,,,,,,,,,,,,,,,7.0,,,446.0,,,,,,,,,,,,,,,,,,,,,,2025-09-01,0.6819571865443425,,,
COHORT,,,646.0,,,,,,,,,,,,,,,,,,,8.0,,,421.0,,,,,,,,,,,,,,,,,,,,,,2025-09-01,0.651702786377709,,,
COHORT,,,751.0,,,,,,,,,,,,,,,,,,,0.0,,,434.0,,,,,,,,,,,,,,,,,,,,,,2025-10-01,0.5778961384820239,,,
COHORT,,,741.0,,,,,,,,,,,,,,,,,,,1.0,,,507.0,,,,,,,,,,,,,,,,,,,,,,2025-10-01,0.6842105263157895,,,
COHORT,,,723.0,,,,,,,,,,,,,,,,,,,2.0,,,530.0,,,,,,,,,,,,,,,,,,,,,,2025-10-01,0.7330567081604425,,,
COHORT,,,694.0,,,,,,,,,,,,,,,,,,,3.0,,,483.0,,,,,,,,,,,,,,,,,,,,,,2025-10-01,0.6959654178674352,,,
COHORT,,,681.0,,,,,,,,,,,,,,,,,,,4.0,,,463.0,,,,,,,,,,,,,,,,,,,,,,2025-10-01,0.6798825256975036,,,
COHORT,,,669.0,,,,,,,,,,,,,,,,,,,5.0,,,459.0,,,,,,,,,,,,,,,,,,,,,,2025-10-01,0.6860986547085202,,,
COHORT,,,658.0,,,,,,,,,,,,,,,,,,,6.0,,,457.0,,,,,,,,,,,,,,,,,,,,,,2025-10-01,0.6945288753799392,,,
COHORT,,,642.0,,,,,,,,,,,,,,,,,,,7.0,,,428.0,,,,,,,,,,,,,,,,,,,,,,2025-10-01,0.6666666666666666,,,
COHORT,,,859.0,,,,,,,,,,,,,,,,,,,0.0,,,454.0,,,,,,,,,,,,,,,,,,,,,,2025-11-01,0.5285215366705471,,,
COHORT,,,854.0,,,,,,,,,,,,,,,,,,,1.0,,,628.0,,,,,,,,,,,,,,,,,,,,,,2025-11-01,0.7353629976580797,,,
COHORT,,,835.0,,,,,,,,,,,,,,,,,,,2.0,,,556.0,,,,,,,,,,,,,,,,,,,,,,2025-11-01,0.665868263473054,,,
COHORT,,,819.0,,,,,,,,,,,,,,,,,,,3.0,,,569.0,,,,,,,,,,,,,,,,,,,,,,2025-11-01,0.6947496947496947,,,
COHORT,,,805.0,,,,,,,,,,,,,,,,,,,4.0,,,563.0,,,,,,,,,,,,,,,,,,,,,,2025-11-01,0.6993788819875777,,,
COHORT,,,793.0,,,,,,,,,,,,,,,,,,,5.0,,,540.0,,,,,,,,,,,,,,,,,,,,,,2025-11-01,0.6809583858764187,,,
COHORT,,,784.0,,,,,,,,,,,,,,,,,,,6.0,,,541.0,,,,,,,,,,,,,,,,,,,,,,2025-11-01,0.6900510204081632,,,
COHORT,,,933.0,,,,,,,,,,,,,,,,,,,0.0,,,576.0,,,,,,,,,,,,,,,,,,,,,,2025-12-01,0.617363344051447,,,
COHORT,,,928.0,,,,,,,,,,,,,,,,,,,1.0,,,588.0,,,,,,,,,,,,,,,,,,,,,,2025-12-01,0.6336206896551724,,,
COHORT,,,918.0,,,,,,,,,,,,,,,,,,,2.0,,,624.0,,,,,,,,,,,,,,,,,,,,,,2025-12-01,0.6797385620915033,,,
COHORT,,,896.0,,,,,,,,,,,,,,,,,,,3.0,,,601.0,,,,,,,,,,,,,,,,,,,,,,2025-12-01,0.6707589285714286,,,
COHORT,,,883.0,,,,,,,,,,,,,,,,,,,4.0,,,601.0,,,,,,,,,,,,,,,,,,,,,,2025-12-01,0.6806342015855039,,,
COHORT,,,864.0,,,,,,,,,,,,,,,,,,,5.0,,,577.0,,,,,,,,,,,,,,,,,,,,,,2025-12-01,0.6678240740740741,,,
COHORT,,,573.0,,,,,,,,,,,,,,,,,,,0.0,,,304.0,,,,,,,,,,,,,,,,,,,,,,2026-01-01,0.5305410122164049,,,
COHORT,,,569.0,,,,,,,,,,,,,,,,,,,1.0,,,392.0,,,,,,,,,,,,,,,,,,,,,,2026-01-01,0.6889279437609842,,,
COHORT,,,555.0,,,,,,,,,,,,,,,,,,,2.0,,,404.0,,,,,,,,,,,,,,,,,,,,,,2026-01-01,0.7279279279279279,,,
COHORT,,,539.0,,,,,,,,,,,,,,,,,,,3.0,,,387.0,,,,,,,,,,,,,,,,,,,,,,2026-01-01,0.7179962894248608,,,
COHORT,,,529.0,,,,,,,,,,,,,,,,,,,4.0,,,380.0,,,,,,,,,,,,,,,,,,,,,,2026-01-01,0.718336483931947,,,
COHORT,,,685.0,,,,,,,,,,,,,,,,,,,0.0,,,375.0,,,,,,,,,,,,,,,,,,,,,,2026-02-01,0.5474452554744526,,,
COHORT,,,679.0,,,,,,,,,,,,,,,,,,,1.0,,,455.0,,,,,,,,,,,,,,,,,,,,,,2026-02-01,0.6701030927835051,,,
COHORT,,,666.0,,,,,,,,,,,,,,,,,,,2.0,,,473.0,,,,,,,,,,,,,,,,,,,,,,2026-02-01,0.7102102102102102,,,
COHORT,,,645.0,,,,,,,,,,,,,,,,,,,3.0,,,432.0,,,,,,,,,,,,,,,,,,,,,,2026-02-01,0.6697674418604651,,,
COHORT,,,668.0,,,,,,,,,,,,,,,,,,,0.0,,,360.0,,,,,,,,,,,,,,,,,,,,,,2026-03-01,0.5389221556886228,,,
COHORT,,,665.0,,,,,,,,,,,,,,,,,,,1.0,,,453.0,,,,,,,,,,,,,,,,,,,,,,2026-03-01,0.681203007518797,,,
COHORT,,,651.0,,,,,,,,,,,,,,,,,,,2.0,,,455.0,,,,,,,,,,,,,,,,,,,,,,2026-03-01,0.6989247311827957,,,
COHORT,,,699.0,,,,,,,,,,,,,,,,,,,0.0,,,364.0,,,,,,,,,,,,,,,,,,,,,,2026-04-01,0.5207439198855508,,,
COHORT,,,692.0,,,,,,,,,,,,,,,,,,,1.0,,,474.0,,,,,,,,,,,,,,,,,,,,,,2026-04-01,0.684971098265896,,,
COHORT,,,569.0,,,,,,,,,,,,,,,,,,,0.0,,,302.0,,,,,,,,,,,,,,,,,,,,,,2026-05-01,0.5307557117750439,,,
MONTHLY,,,,,,,,,,,,,,,,,,,,,,,,507.0,266.0,,,,,,,,,,,,,,,,,,,,,,,0.52465483234714,2024-01-01,3.0,507.0
MONTHLY,,,,,,,,,,,,,,,,,,,,,,,,1170.0,724.0,,,,,,,,,,,,,,,,,,,,,,,0.6188034188034188,2024-02-01,13.0,666.0
MONTHLY,,,,,,,,,,,,,,,,,,,,,,,,1835.0,1220.0,,,,,,,,,,,,,,,,,,,,,,,0.6648501362397821,2024-03-01,59.0,678.0
MONTHLY,,,,,,,,,,,,,,,,,,,,,,,,2441.0,1586.0,,,,,,,,,,,,,,,,,,,,,,,0.6497337156902908,2024-04-01,53.0,665.0
MONTHLY,,,,,,,,,,,,,,,,,,,,,,,,2968.0,1981.0,,,,,,,,,,,,,,,,,,,,,,,0.6674528301886793,2024-05-01,69.0,580.0
MONTHLY,,,,,,,,,,,,,,,,,,,,,,,,3492.0,2369.0,,,,,,,,,,,,,,,,,,,,,,,0.6784077892325315,2024-06-01,73.0,593.0
MONTHLY,,,,,,,,,,,,,,,,,,,,,,,,4063.0,2796.0,,,,,,,,,,,,,,,,,,,,,,,0.6881614570514398,2024-07-01,64.0,644.0
MONTHLY,,,,,,,,,,,,,,,,,,,,,,,,4662.0,3166.0,,,,,,,,,,,,,,,,,,,,,,,0.6791076791076791,2024-08-01,78.0,663.0
MONTHLY,,,,,,,,,,,,,,,,,,,,,,,,5208.0,3581.0,,,,,,,,,,,,,,,,,,,,,,,0.6875960061443932,2024-09-01,108.0,624.0
MONTHLY,,,,,,,,,,,,,,,,,,,,,,,,5812.0,3962.0,,,,,,,,,,,,,,,,,,,,,,,0.6816930488644184,2024-10-01,106.0,712.0
MONTHLY,,,,,,,,,,,,,,,,,,,,,,,,6674.0,4446.0,,,,,,,,,,,,,,,,,,,,,,,0.6661672160623314,2024-11-01,116.0,968.0
MONTHLY,,,,,,,,,,,,,,,,,,,,,,,,7470.0,5143.0,,,,,,,,,,,,,,,,,,,,,,,0.688487282463186,2024-12-01,181.0,912.0
MONTHLY,,,,,,,,,,,,,,,,,,,,,,,,7906.0,5241.0,,,,,,,,,,,,,,,,,,,,,,,0.6629142423475841,2025-01-01,148.0,617.0
MONTHLY,,,,,,,,,,,,,,,,,,,,,,,,8486.0,5645.0,,,,,,,,,,,,,,,,,,,,,,,0.6652132924817347,2025-02-01,177.0,728.0
MONTHLY,,,,,,,,,,,,,,,,,,,,,,,,9011.0,6014.0,,,,,,,,,,,,,,,,,,,,,,,0.667406503162801,2025-03-01,175.0,702.0
MONTHLY,,,,,,,,,,,,,,,,,,,,,,,,9583.0,6441.0,,,,,,,,,,,,,,,,,,,,,,,0.6721277261817802,2025-04-01,182.0,747.0
MONTHLY,,,,,,,,,,,,,,,,,,,,,,,,10048.0,6635.0,,,,,,,,,,,,,,,,,,,,,,,0.6603304140127388,2025-05-01,153.0,647.0
MONTHLY,,,,,,,,,,,,,,,,,,,,,,,,10514.0,7037.0,,,,,,,,,,,,,,,,,,,,,,,0.66929807875214,2025-06-01,148.0,619.0
MONTHLY,,,,,,,,,,,,,,,,,,,,,,,,11098.0,7405.0,,,,,,,,,,,,,,,,,,,,,,,0.6672373400612723,2025-07-01,183.0,732.0
MONTHLY,,,,,,,,,,,,,,,,,,,,,,,,11542.0,7587.0,,,,,,,,,,,,,,,,,,,,,,,0.6573384162190261,2025-08-01,189.0,627.0
MONTHLY,,,,,,,,,,,,,,,,,,,,,,,,12110.0,7953.0,,,,,,,,,,,,,,,,,,,,,,,0.6567299752270851,2025-09-01,235.0,757.0
MONTHLY,,,,,,,,,,,,,,,,,,,,,,,,12626.0,8337.0,,,,,,,,,,,,,,,,,,,,,,,0.660304134325994,2025-10-01,241.0,751.0
MONTHLY,,,,,,,,,,,,,,,,,,,,,,,,13244.0,8563.0,,,,,,,,,,,,,,,,,,,,,,,0.6465569314406524,2025-11-01,194.0,859.0
MONTHLY,,,,,,,,,,,,,,,,,,,,,,,,13983.0,9442.0,,,,,,,,,,,,,,,,,,,,,,,0.6752485160552099,2025-12-01,286.0,933.0
MONTHLY,,,,,,,,,,,,,,,,,,,,,,,,14270.0,9077.0,,,,,,,,,,,,,,,,,,,,,,,0.6360896986685354,2026-01-01,255.0,573.0
MONTHLY,,,,,,,,,,,,,,,,,,,,,,,,14700.0,9441.0,,,,,,,,,,,,,,,,,,,,,,,0.6422448979591837,2026-02-01,237.0,685.0
MONTHLY,,,,,,,,,,,,,,,,,,,,,,,,15131.0,9876.0,,,,,,,,,,,,,,,,,,,,,,,0.6526997554689049,2026-03-01,259.0,668.0
MONTHLY,,,,,,,,,,,,,,,,,,,,,,,,15571.0,10181.0,,,,,,,,,,,,,,,,,,,,,,,0.653843683771113,2026-04-01,264.0,699.0
MONTHLY,,,,,,,,,,,,,,,,,,,,,,,,15876.0,10279.0,,,,,,,,,,,,,,,,,,,,,,,0.6474552784076594,2026-05-01,0.0,569.0
